História;1º;Mundo pessoal: meu lugar no mundo;As fases da vida e a ideia de temporalidade (passado, presente, futuro);(EF01HI01) Identificar aspectos do seu crescimento por meio do registro das lembranças particulares ou de lembranças dos membros de sua família e/ou de sua comunidade.
História;1º;Mundo pessoal: meu lugar no mundo;As diferentes formas de organização da família e da comunidade: os vínculos pessoais e as relações de amizade;(EF01HI02) Identificar a relação entre as suas histórias e as histórias de sua família e de sua comunidade.
História;1º;Mundo pessoal: meu lugar no mundo;As diferentes formas de organização da família e da comunidade: os vínculos pessoais e as relações de amizade;(EF01HI03) Descrever e distinguir os seus papéis e responsabilidades relacionados à família, à escola e à comunidade.
História;1º;Mundo pessoal: meu lugar no mundo;A escola e a diversidade do grupo social envolvido;(EF01HI04) Identificar as diferenças entre os variados ambientes em que vive (doméstico, escolar e da comunidade), reconhecendo as especificidades dos hábitos e das regras que os regem.
História;1º;Mundo pessoal: eu, meu grupo social e meu tempo;A vida em casa, a vida na escola e formas de representação social e espacial: os jogos e brincadeiras como forma de interação social e espacial;(EF01HI05) Identificar semelhanças e diferenças entre jogos e brincadeiras atuais e de outras épocas e lugares.
História;1º;Mundo pessoal: eu, meu grupo social e meu tempo;A vida em família: diferentes configurações e vínculos;(EF01HI06) Conhecer as histórias da família e da escola e identificar o papel desempenhado por diferentes sujeitos em diferentes espaços.
História;1º;Mundo pessoal: eu, meu grupo social e meu tempo;A vida em família: diferentes configurações e vínculos;(EF01HI07) Identificar mudanças e permanências nas formas de organização familiar.
História;1º;Mundo pessoal: eu, meu grupo social e meu tempo;A escola, sua representação espacial, sua história e seu papel na comunidade;(EF01HI08) Reconhecer o significado das comemorações e festas escolares, diferenciando-as das datas festivas comemoradas no âmbito familiar ou da comunidade.
História;2º;A comunidade e seus registros;A noção do “Eu” e do “Outro”: comunidade, convivências e interações entre pessoas;(EF02HI01) Reconhecer espaços de sociabilidade e identificar os motivos que aproximam e separam as pessoas em diferentes grupos sociais ou de parentesco.
História;2º;A comunidade e seus registros;A noção do “Eu” e do “Outro”: comunidade, convivências e interações entre pessoas;(EF02HI02) Identificar e descrever práticas e papéis sociais que as pessoas exercem em diferentes comunidades.
História;2º;A comunidade e seus registros;A noção do “Eu” e do “Outro”: comunidade, convivências e interações entre pessoas;(EF02HI03) Selecionar situações cotidianas que remetam à percepção de mudança, pertencimento e memória.
História;2º;A comunidade e seus registros;A noção do “Eu” e do “Outro”: registros de experiências pessoais e da comunidade no tempo e no espaço;(EF02HI04) Selecionar e compreender o significado de objetos e documentos pessoais como fontes de memórias e histórias nos âmbitos pessoal, familiar, escolar e comunitário.
História;2º;A comunidade e seus registros;Formas de registrar e narrar histórias (marcos de memória materiais e imateriais);(EF02HI05) Selecionar objetos e documentos pessoais e de grupos próximos ao seu convívio e compreender sua função, seu uso e seu significado.
História;2º;A comunidade e seus registros;O tempo como medida;(EF02HI06) Identificar e organizar, temporalmente, fatos da vida cotidiana, usando noções relacionadas ao tempo (antes, durante, ao mesmo tempo e depois).
História;2º;A comunidade e seus registros;O tempo como medida;(EF02HI07) Identificar e utilizar diferentes marcadores do tempo presentes na comunidade, como relógio e calendário.
História;2º;As formas de registrar as experiências da comunidade;As fontes: relatos orais, objetos, imagens (pinturas, fotografias, vídeos), músicas, escrita, tecnologias digitais de informação e comunicação e inscrições nas paredes, ruas e espaços sociais;(EF02HI08) Compilar histórias da família e/ou da comunidade registradas em diferentes fontes.
História;2º;As formas de registrar as experiências da comunidade;As fontes: relatos orais, objetos, imagens (pinturas, fotografias, vídeos), músicas, escrita, tecnologias digitais de informação e comunicação e inscrições nas paredes, ruas e espaços sociais;(EF02HI09) Identificar objetos e documentos pessoais que remetam à própria experiência no âmbito da família e/ou da comunidade, discutindo as razões pelas quais alguns objetos são preservados e outros são descartados.
História;2º;O trabalho e a sustentabilidade na comunidade;A sobrevivência e a relação com a natureza;(EF02HI10) Identificar diferentes formas de trabalho existentes na comunidade em que vive, seus significados, suas especificidades e importância.
História;2º;O trabalho e a sustentabilidade na comunidade;A sobrevivência e a relação com a natureza;(EF02HI11) Identificar impactos no ambiente causados pelas diferentes formas de trabalho existentes na comunidade em que vive.
História;3º;As pessoas e os grupos que compõem a cidade e o município;O “Eu”, o “Outro” e os diferentes grupos sociais e étnicos que compõem a cidade e os municípios: os desafios sociais, culturais e ambientais do lugar onde vive;(EF03HI01) Identificar os grupos populacionais que formam a cidade, o município e a região, as relações estabelecidas entre eles e os eventos que marcam a formação da cidade, como fenômenos migratórios (vida rural/vida urbana), desmatamentos, estabelecimento de grandes empresas etc.
História;3º;As pessoas e os grupos que compõem a cidade e o município;O “Eu”, o “Outro” e os diferentes grupos sociais e étnicos que compõem a cidade e os municípios: os desafios sociais, culturais e ambientais do lugar onde vive;(EF03HI02) Selecionar, por meio da consulta de fontes de diferentes naturezas, e registrar acontecimentos ocorridos ao longo do tempo na cidade ou região em que vive.
História;3º;As pessoas e os grupos que compõem a cidade e o município;O “Eu”, o “Outro” e os diferentes grupos sociais e étnicos que compõem a cidade e os municípios: os desafios sociais, culturais e ambientais do lugar onde vive;(EF03HI03) Identificar e comparar pontos de vista em relação a eventos significativos do local em que vive, aspectos relacionados a condições sociais e à presença de diferentes grupos sociais e culturais, com especial destaque para as culturas africanas, indígenas e de migrantes.
História;3º;As pessoas e os grupos que compõem a cidade e o município;Os patrimônios históricos e culturais da cidade e/ou do município em que vive;(EF03HI04) Identificar os patrimônios históricos e culturais de sua cidade ou região e discutir as razões culturais, sociais e políticas para que assim sejam considerados.
História;3º;O lugar em que vive;A produção dos marcos da memória: os lugares de memória (ruas, praças, escolas, monumentos, museus etc.);(EF03HI05) Identificar os marcos históricos do lugar em que vive e compreender seus significados.
História;3º;O lugar em que vive;A produção dos marcos da memória: os lugares de memória (ruas, praças, escolas, monumentos, museus etc.);(EF03HI06) Identificar os registros de memória na cidade (nomes de ruas, monumentos, edifícios etc.), discutindo os critérios que explicam a escolha desses nomes.
História;3º;O lugar em que vive;A produção dos marcos da memória: formação cultural da população;(EF03HI07) Identificar semelhanças e diferenças existentes entre comunidades de sua cidade ou região, e descrever o papel dos diferentes grupos sociais que as formam.
História;3º;O lugar em que vive;A produção dos marcos da memória: a cidade e o campo, aproximações e diferenças;(EF03HI08) Identificar modos de vida na cidade e no campo no presente, comparando-os com os do passado.
História;3º;A noção de espaço público e privado;A cidade, seus espaços públicos e privados e suas áreas de conservação ambiental;(EF03HI09) Mapear os espaços públicos no lugar em que vive (ruas, praças, escolas, hospitais, prédios da Prefeitura e da Câmara de Vereadores etc.) e identificar suas funções.
História;3º;A noção de espaço público e privado;A cidade, seus espaços públicos e privados e suas áreas de conservação ambiental;(EF03HI10) Identificar as diferenças entre o espaço doméstico, os espaços públicos e as áreas de conservação ambiental, compreendendo a importância dessa distinção.
História;3º;A noção de espaço público e privado;A cidade e suas atividades: trabalho, cultura e lazer;(EF03HI11) Identificar diferenças entre formas de trabalho realizadas na cidade e no campo, considerando também o uso da tecnologia nesses diferentes contextos.
História;3º;A noção de espaço público e privado;A cidade e suas atividades: trabalho, cultura e lazer;(EF03HI12) Comparar as relações de trabalho e lazer do presente com as de outros tempos e espaços, analisando mudanças e permanências.
História;4º;Transformações e permanências nas trajetórias dos grupos humanos;A ação das pessoas, grupos sociais e comunidades no tempo e no espaço: nomadismo, agricultura, escrita, navegações, indústria, entre outras;(EF04HI01) Reconhecer a história como resultado da ação do ser humano no tempo e no espaço, com base na identificação de mudanças e permanências ao longo do tempo.
História;4º;Transformações e permanências nas trajetórias dos grupos humanos;A ação das pessoas, grupos sociais e comunidades no tempo e no espaço: nomadismo, agricultura, escrita, navegações, indústria, entre outras;(EF04HI02) Identificar mudanças e permanências ao longo do tempo, discutindo os sentidos dos grandes marcos da história da humanidade (nomadismo, desenvolvimento da agricultura e do pastoreio, criação da indústria etc.).
História;4º;Transformações e permanências nas trajetórias dos grupos humanos;O passado e o presente: a noção de permanência e as lentas transformações sociais e culturais;(EF04HI03) Identificar as transformações ocorridas na cidade ao longo do tempo e discutir suas interferências nos modos de vida de seus habitantes, tomando como ponto de partida o presente.
História;4º;Circulação de pessoas, produtos e culturas;A circulação de pessoas e as transformações no meio natural;(EF04HI04) Identificar as relações entre os indivíduos e a natureza e discutir o significado do nomadismo e da fixação das primeiras comunidades humanas.
História;4º;Circulação de pessoas, produtos e culturas;A circulação de pessoas e as transformações no meio natural;(EF04HI05) Relacionar os processos de ocupação do campo a intervenções na natureza, avaliando os resultados dessas intervenções.
História;4º;Circulação de pessoas, produtos e culturas;A invenção do comércio e a circulação de produtos;(EF04HI06) Identificar as transformações ocorridas nos processos de deslocamento das pessoas e mercadorias, analisando as formas de adaptação ou marginalização.
História;4º;Circulação de pessoas, produtos e culturas;As rotas terrestres, fluviais e marítimas e seus impactos para a formação de cidades e as transformações do meio natural;(EF04HI07) Identificar e descrever a importância dos caminhos terrestres, fluviais e marítimos para a dinâmica da vida comercial.
História;4º;Circulação de pessoas, produtos e culturas;O mundo da tecnologia: a integração de pessoas e as exclusões sociais e culturais;(EF04HI08) Identificar as transformações ocorridas nos meios de comunicação (cultura oral, imprensa, rádio, televisão, cinema, internet e demais tecnologias digitais de informação e comunicação) e discutir seus significados para os diferentes grupos ou estratos sociais.
História;4º;As questões históricas relativas às migrações;O surgimento da espécie humana no continente africano e sua expansão pelo mundo;(EF04HI09) Identificar as motivações dos processos migratórios em diferentes tempos e espaços e avaliar o papel desempenhado pela migração nas regiões de destino.
História;4º;As questões históricas relativas às migrações;"Os processos migratórios para a formação do Brasil: os grupos indígenas, a presença portuguesa e a diáspora forçada dos africanos
Os processos migratórios do final do século XIX e início do século XX no Brasil 
As dinâmicas internas de migração no Brasil a partir dos anos 1960";(EF04HI10) Analisar diferentes fluxos populacionais e suas contribuições para a formação da sociedade brasileira.
História;4º;As questões históricas relativas às migrações;"Os processos migratórios para a formação do Brasil: os grupos indígenas, a presença portuguesa e a diáspora forçada dos africanos
Os processos migratórios do final do século XIX e início do século XX no Brasil 
As dinâmicas internas de migração no Brasil a partir dos anos 1960";(EF04HI11) Analisar, na sociedade em que vive, a existência ou não de mudanças associadas à migração (interna e internacional).
História;5º;Povos e culturas: meu lugar no mundo e meu grupo social;O que forma um povo: do nomadismo aos primeiros povos sedentarizados;(EF05HI01) Identificar os processos de formação das culturas e dos povos, relacionando-os com o espaço geográfico ocupado.
História;5º;Povos e culturas: meu lugar no mundo e meu grupo social;As formas de organização social e política: a noção de Estado;(EF05HI02) Identificar os mecanismos de organização do poder político com vistas à compreensão da ideia de Estado e/ou de outras formas de ordenação social.
História;5º;Povos e culturas: meu lugar no mundo e meu grupo social;O papel das religiões e da cultura para a formação dos povos antigos;(EF05HI03) Analisar o papel das culturas e das religiões na composição identitária dos povos antigos.
História;5º;Povos e culturas: meu lugar no mundo e meu grupo social;Cidadania, diversidade cultural e respeito às diferenças sociais, culturais e históricas;(EF05HI04) Associar a noção de cidadania com os princípios de respeito à diversidade, à pluralidade e aos direitos humanos.
História;5º;Povos e culturas: meu lugar no mundo e meu grupo social;Cidadania, diversidade cultural e respeito às diferenças sociais, culturais e históricas;(EF05HI05) Associar o conceito de cidadania à conquista de direitos dos povos e das sociedades, compreendendo-o como conquista histórica.
História;5º;Registros da história: linguagens e culturas;"As tradições orais e a valorização da memória
O surgimento da escrita e a noção de fonte para a transmissão de saberes, culturas e histórias";(EF05HI06) Comparar o uso de diferentes linguagens e tecnologias no processo de comunicação e avaliar os significados sociais, políticos e culturais atribuídos a elas.
História;5º;Registros da história: linguagens e culturas;"As tradições orais e a valorização da memória
O surgimento da escrita e a noção de fonte para a transmissão de saberes, culturas e histórias";(EF05HI07) Identificar os processos de produção, hierarquização e difusão dos marcos de memória e discutir a presença e/ou a ausência de diferentes grupos que compõem a sociedade na nomeação desses marcos de memória.
História;5º;Registros da história: linguagens e culturas;"As tradições orais e a valorização da memória
O surgimento da escrita e a noção de fonte para a transmissão de saberes, culturas e histórias";(EF05HI08) Identificar formas de marcação da passagem do tempo em distintas sociedades, incluindo os povos indígenas originários e os povos africanos.
História;5º;Registros da história: linguagens e culturas;"As tradições orais e a valorização da memória
O surgimento da escrita e a noção de fonte para a transmissão de saberes, culturas e histórias";(EF05HI09) Comparar pontos de vista sobre temas que impactam a vida cotidiana no tempo presente, por meio do acesso a diferentes fontes, incluindo orais.
História;5º;Registros da história: linguagens e culturas;Os patrimônios materiais e imateriais da humanidade;(EF05HI10) Inventariar os patrimônios materiais e imateriais da humanidade e analisar mudanças e permanências desses patrimônios ao longo do tempo.
História;6º;História: tempo, espaço e formas de registros;A questão do tempo, sincronias e diacronias: reflexões sobre o sentido das cronologias;(EF06HI01) Identificar diferentes formas de compreensão da noção de tempo e de periodização dos processos históricos (continuidades e rupturas).
História;6º;História: tempo, espaço e formas de registros;Formas de registro da história e da produção do conhecimento histórico;(EF06HI02) Identificar a gênese da produção do saber histórico e analisar o significado das fontes que originaram determinadas formas de registro em sociedades e épocas distintas.
História;6º;História: tempo, espaço e formas de registros;As origens da humanidade, seus deslocamentos e os processos de sedentarização;(EF06HI03) Identificar as hipóteses científicas sobre o surgimento da espécie humana e sua historicidade e analisar os significados dos mitos de fundação.
História;6º;História: tempo, espaço e formas de registros;As origens da humanidade, seus deslocamentos e os processos de sedentarização;(EF06HI04) Conhecer as teorias sobre a origem do homem americano.
História;6º;História: tempo, espaço e formas de registros;As origens da humanidade, seus deslocamentos e os processos de sedentarização;(EF06HI05) Descrever modificações da natureza e da paisagem realizadas por diferentes tipos de sociedade, com destaque para os povos indígenas originários e povos africanos, e discutir a natureza e a lógica das transformações ocorridas.
História;6º;História: tempo, espaço e formas de registros;As origens da humanidade, seus deslocamentos e os processos de sedentarização;(EF06HI06) Identificar geograficamente as rotas de povoamento no território americano.
História;6º;A invenção do mundo clássico e o contraponto com outras sociedades;"Povos da Antiguidade na África (egípcios), no Oriente Médio (mesopotâmicos) e nas Américas (pré-colombianos)
Os povos indígenas originários do atual território brasileiro e seus hábitos culturais e sociais";(EF06HI07) Identificar aspectos e formas de registro das sociedades antigas na África, no Oriente Médio e nas Américas, distinguindo alguns significados presentes na cultura material e na tradição oral dessas sociedades.
História;6º;A invenção do mundo clássico e o contraponto com outras sociedades;"Povos da Antiguidade na África (egípcios), no Oriente Médio (mesopotâmicos) e nas Américas (pré-colombianos)
Os povos indígenas originários do atual território brasileiro e seus hábitos culturais e sociais";(EF06HI08) Identificar os espaços territoriais ocupados e os aportes culturais, científicos, sociais e econômicos dos astecas, maias e incas e dos povos indígenas de diversas regiões brasileiras.
História;6º;A invenção do mundo clássico e o contraponto com outras sociedades;O Ocidente Clássico: aspectos da cultura na Grécia e em Roma;(EF06HI09) Discutir o conceito de Antiguidade Clássica, seu alcance e limite na tradição ocidental, assim como os impactos sobre outras sociedades e culturas.
História;6º;Lógicas de organização política;"As noções de cidadania e política na Grécia e em Roma
• Domínios e expansão das culturas grega e romana
• Significados do conceito de “império” e as lógicas de conquista, conflito e negociação dessa forma de organização política
As diferentes formas de organização política na África: reinos, impérios, cidades-estados e sociedades linhageiras ou aldeias";(EF06HI10) Explicar a formação da Grécia Antiga, com ênfase na formação da pólis e nas transformações políticas, sociais e culturais.
História;6º;Lógicas de organização política;"As noções de cidadania e política na Grécia e em Roma
• Domínios e expansão das culturas grega e romana
• Significados do conceito de “império” e as lógicas de conquista, conflito e negociação dessa forma de organização política
As diferentes formas de organização política na África: reinos, impérios, cidades-estados e sociedades linhageiras ou aldeias";(EF06HI11) Caracterizar o processo de formação da Roma Antiga e suas configurações sociais e políticas nos períodos monárquico e republicano.
História;6º;Lógicas de organização política;"As noções de cidadania e política na Grécia e em Roma
• Domínios e expansão das culturas grega e romana
• Significados do conceito de “império” e as lógicas de conquista, conflito e negociação dessa forma de organização política
As diferentes formas de organização política na África: reinos, impérios, cidades-estados e sociedades linhageiras ou aldeias";(EF06HI12) Associar o conceito de cidadania a dinâmicas de inclusão e exclusão na Grécia e Roma antigas.
História;6º;Lógicas de organização política;"As noções de cidadania e política na Grécia e em Roma
• Domínios e expansão das culturas grega e romana
• Significados do conceito de “império” e as lógicas de conquista, conflito e negociação dessa forma de organização política
As diferentes formas de organização política na África: reinos, impérios, cidades-estados e sociedades linhageiras ou aldeias";(EF06HI13) Conceituar “império” no mundo antigo, com vistas à análise das diferentes formas de equilíbrio e desequilíbrio entre as partes envolvidas.
História;6º;Lógicas de organização política;"A passagem do mundo antigo para o mundo medieval
A fragmentação do poder político na Idade Média";(EF06HI14) Identificar e analisar diferentes formas de contato, adaptação ou exclusão entre populações em diferentes tempos e espaços.
História;6º;Lógicas de organização política;O Mediterrâneo como espaço de interação entre as sociedades da Europa, da África e do Oriente Médio;(EF06HI15) Descrever as dinâmicas de circulação de pessoas, produtos e culturas no Mediterrâneo e seu significado.
História;6º;Trabalho e formas de organização social e cultural;"Senhores e servos no mundo antigo e no medieval
Escravidão e trabalho livre em diferentes temporalidades e espaços (Roma Antiga, Europa medieval e África)
Lógicas comerciais na Antiguidade romana e no mundo medieval";(EF06HI16) Caracterizar e comparar as dinâmicas de abastecimento e as formas de organização do trabalho e da vida social em diferentes sociedades e períodos, com destaque para as relações entre senhores e servos.
História;6º;Trabalho e formas de organização social e cultural;"Senhores e servos no mundo antigo e no medieval
Escravidão e trabalho livre em diferentes temporalidades e espaços (Roma Antiga, Europa medieval e África)
Lógicas comerciais na Antiguidade romana e no mundo medieval";(EF06HI17) Diferenciar escravidão, servidão e trabalho livre no mundo antigo.
História;6º;Trabalho e formas de organização social e cultural;O papel da religião cristã, dos mosteiros e da cultura na Idade Média;(EF06HI18) Analisar o papel da religião cristã na cultura e nos modos de organização social no período medieval.
História;6º;Trabalho e formas de organização social e cultural;O papel da mulher na Grécia e em Roma, e no período medieval;(EF06HI19) Descrever e analisar os diferentes papéis sociais das mulheres no mundo antigo e nas sociedades medievais.
História;7º;O mundo moderno e a conexão entre sociedades africanas, americanas e europeias;"A construção da ideia de modernidade e seus impactos na concepção de História
A ideia de “Novo Mundo” ante o Mundo Antigo: permanências e rupturas de saberes e práticas na emergência do mundo moderno";(EF07HI01) Explicar o significado de “modernidade” e suas lógicas de inclusão e exclusão, com base em uma concepção europeia.
História;7º;O mundo moderno e a conexão entre sociedades africanas, americanas e europeias;"A construção da ideia de modernidade e seus impactos na concepção de História
A ideia de “Novo Mundo” ante o Mundo Antigo: permanências e rupturas de saberes e práticas na emergência do mundo moderno";(EF07HI02) Identificar conexões e interações entre as sociedades do Novo Mundo, da Europa, da África e da Ásia no contexto das navegações e indicar a complexidade e as interações que ocorrem nos Oceanos Atlântico, Índico e Pacífico.
História;7º;O mundo moderno e a conexão entre sociedades africanas, americanas e europeias;Saberes dos povos africanos e pré-colombianos expressos na cultura material e imaterial;(EF07HI03) Identificar aspectos e processos específicos das sociedades africanas e americanas antes da chegada dos europeus, com destaque para as formas de organização social e o desenvolvimento de saberes e técnicas.
História;7º;Humanismos, Renascimentos e o Novo Mundo;"Humanismos: uma nova visão de ser humano e de mundo
Renascimentos artísticos e culturais";(EF07HI04) Identificar as principais características dos Humanismos e dos Renascimentos e analisar seus significados.
História;7º;Humanismos, Renascimentos e o Novo Mundo;Reformas religiosas: a cristandade fragmentada;(EF07HI05) Identificar e relacionar as vinculações entre as reformas religiosas e os processos culturais e sociais do período moderno na Europa e na América.
História;7º;Humanismos, Renascimentos e o Novo Mundo;As descobertas científicas e a expansão marítima;(EF07HI06) Comparar as navegações no Atlântico e no Pacífico entre os séculos XIV e XVI.
História;7º;A organização do poder e as dinâmicas do mundo colonial americano;A formação e o funcionamento das monarquias europeias: a lógica da centralização política e os conflitos na Europa;(EF07HI07) Descrever os processos de formação e consolidação das monarquias e suas principais características com vistas à compreensão das razões da centralização política.
História;7º;A organização do poder e as dinâmicas do mundo colonial americano;A conquista da América e as formas de organização política dos indígenas e europeus: conflitos, dominação e conciliação;(EF07HI08) Descrever as formas de organização das sociedades americanas no tempo da conquista com vistas à compreensão dos mecanismos de alianças, confrontos e resistências.
História;7º;A organização do poder e as dinâmicas do mundo colonial americano;A conquista da América e as formas de organização política dos indígenas e europeus: conflitos, dominação e conciliação;(EF07HI09) Analisar os diferentes impactos da conquista europeia da América para as populações ameríndias e identificar as formas de resistência.
História;7º;A organização do poder e as dinâmicas do mundo colonial americano;"A estruturação dos vice-reinos nas Américas
Resistências indígenas, invasões e expansão na América portuguesa";(EF07HI10) Analisar, com base em documentos históricos, diferentes interpretações sobre as dinâmicas das sociedades americanas no período colonial.
História;7º;A organização do poder e as dinâmicas do mundo colonial americano;"A estruturação dos vice-reinos nas Américas
Resistências indígenas, invasões e expansão na América portuguesa";(EF07HI11) Analisar a formação histórico-geográfica do território da América portuguesa por meio de mapas históricos.
História;7º;A organização do poder e as dinâmicas do mundo colonial americano;"A estruturação dos vice-reinos nas Américas
Resistências indígenas, invasões e expansão na América portuguesa";(EF07HI12) Identificar a distribuição territorial da população brasileira em diferentes épocas, considerando a diversidade étnico-racial e étnico-cultural (indígena, africana, europeia e asiática).
História;7º;Lógicas comerciais e mercantis da modernidade;As lógicas mercantis e o domínio europeu sobre os mares e o contraponto Oriental;(EF07HI13) Caracterizar a ação dos europeus e suas lógicas mercantis visando ao domínio no mundo atlântico.
História;7º;Lógicas comerciais e mercantis da modernidade;As lógicas mercantis e o domínio europeu sobre os mares e o contraponto Oriental;(EF07HI14) Descrever as dinâmicas comerciais das sociedades americanas e africanas e analisar suas interações com outras sociedades do Ocidente e do Oriente.
História;7º;Lógicas comerciais e mercantis da modernidade;"As lógicas internas das sociedades africanas
As formas de organização das sociedades ameríndias
A escravidão moderna e o tráfico de escravizados";(EF07HI15) Discutir o conceito de escravidão moderna e suas distinções em relação ao escravismo antigo e à servidão medieval.
História;7º;Lógicas comerciais e mercantis da modernidade;"As lógicas internas das sociedades africanas
As formas de organização das sociedades ameríndias
A escravidão moderna e o tráfico de escravizados";(EF07HI16) Analisar os mecanismos e as dinâmicas de comércio de escravizados em suas diferentes fases, identificando os agentes responsáveis pelo tráfico e as regiões e zonas africanas de procedência dos escravizados.
História;7º;Lógicas comerciais e mercantis da modernidade;A emergência do capitalismo;(EF07HI17) Discutir as razões da passagem do mercantilismo para o capitalismo.
História;8º;O mundo contemporâneo: o Antigo Regime em crise;A questão do iluminismo e da ilustração;(EF08HI01) Identificar os principais aspectos conceituais do iluminismo e do liberalismo e discutir a relação entre eles e a organização do mundo contemporâneo.
História;8º;O mundo contemporâneo: o Antigo Regime em crise;As revoluções inglesas e os princípios do liberalismo;(EF08HI02) Identificar as particularidades político-sociais da Inglaterra do século XVII e analisar os desdobramentos posteriores à Revolução Gloriosa.
História;8º;O mundo contemporâneo: o Antigo Regime em crise;Revolução Industrial e seus impactos na produção e circulação de povos, produtos e culturas;(EF08HI03) Analisar os impactos da Revolução Industrial na produção e circulação de povos, produtos e culturas.
História;8º;O mundo contemporâneo: o Antigo Regime em crise;Revolução Francesa e seus desdobramentos;(EF08HI04) Identificar e relacionar os processos da Revolução Francesa e seus desdobramentos na Europa e no mundo.
História;8º;O mundo contemporâneo: o Antigo Regime em crise;Rebeliões na América portuguesa: as conjurações mineira e baiana;(EF08HI05) Explicar os movimentos e as rebeliões da América portuguesa, articulando as temáticas locais e suas interfaces com processos ocorridos na Europa e nas Américas.
História;8º;Os processos de independência nas Américas;"Independência dos Estados Unidos da América 
Independências na América espanhola
• A revolução dos escravizados em São Domingo e seus múltiplos significados e desdobramentos: o caso do Haiti
Os caminhos até a independência do Brasil";(EF08HI06) Aplicar os conceitos de Estado, nação, território, governo e país para o entendimento de conflitos e tensões.
História;8º;Os processos de independência nas Américas;"Independência dos Estados Unidos da América 
Independências na América espanhola
• A revolução dos escravizados em São Domingo e seus múltiplos significados e desdobramentos: o caso do Haiti
Os caminhos até a independência do Brasil";(EF08HI07) Identificar e contextualizar as especificidades dos diversos processos de independência nas Américas, seus aspectos populacionais e suas conformações territoriais.
História;8º;Os processos de independência nas Américas;"Independência dos Estados Unidos da América 
Independências na América espanhola
• A revolução dos escravizados em São Domingo e seus múltiplos significados e desdobramentos: o caso do Haiti
Os caminhos até a independência do Brasil";(EF08HI08) Conhecer o ideário dos líderes dos movimentos independentistas e seu papel nas revoluções que levaram à independência das colônias hispano-americanas.
História;8º;Os processos de independência nas Américas;"Independência dos Estados Unidos da América 
Independências na América espanhola
• A revolução dos escravizados em São Domingo e seus múltiplos significados e desdobramentos: o caso do Haiti
Os caminhos até a independência do Brasil";(EF08HI09) Conhecer as características e os principais pensadores do Pan-americanismo.
História;8º;Os processos de independência nas Américas;"Independência dos Estados Unidos da América 
Independências na América espanhola
• A revolução dos escravizados em São Domingo e seus múltiplos significados e desdobramentos: o caso do Haiti
Os caminhos até a independência do Brasil";(EF08HI10) Identificar a Revolução de São Domingo como evento singular e desdobramento da Revolução Francesa e avaliar suas implicações.
História;8º;Os processos de independência nas Américas;"Independência dos Estados Unidos da América 
Independências na América espanhola
• A revolução dos escravizados em São Domingo e seus múltiplos significados e desdobramentos: o caso do Haiti
Os caminhos até a independência do Brasil";(EF08HI11) Identificar e explicar os protagonismos e a atuação de diferentes grupos sociais e étnicos nas lutas de independência no Brasil, na América espanhola e no Haiti.
História;8º;Os processos de independência nas Américas;"Independência dos Estados Unidos da América 
Independências na América espanhola
• A revolução dos escravizados em São Domingo e seus múltiplos significados e desdobramentos: o caso do Haiti
Os caminhos até a independência do Brasil";(EF08HI12) Caracterizar a organização política e social no Brasil desde a chegada da Corte portuguesa, em 1808, até 1822 e seus desdobramentos para a história política brasileira.
História;8º;Os processos de independência nas Américas;"Independência dos Estados Unidos da América 
Independências na América espanhola
• A revolução dos escravizados em São Domingo e seus múltiplos significados e desdobramentos: o caso do Haiti
Os caminhos até a independência do Brasil";(EF08HI13) Analisar o processo de independência em diferentes países latino-americanos e comparar as formas de governo neles adotadas.
História;8º;Os processos de independência nas Américas;A tutela da população indígena, a escravidão dos negros e a tutela dos egressos da escravidão;(EF08HI14) Discutir a noção da tutela dos grupos indígenas e a participação dos negros na sociedade brasileira do final do período colonial, identificando permanências na forma de preconceitos, estereótipos e violências sobre as populações indígenas e negras no Brasil e nas Américas.
História;8º;O Brasil no século XIX;"Brasil: Primeiro Reinado
O Período Regencial e as contestações ao poder central
O Brasil do Segundo Reinado: política e economia
• A Lei de Terras e seus desdobramentos na política do Segundo Reinado
• Territórios e fronteiras: a Guerra do Paraguai";(EF08HI15) Identificar e analisar o equilíbrio das forças e os sujeitos envolvidos nas disputas políticas durante o Primeiro e o Segundo Reinado.
História;8º;O Brasil no século XIX;"Brasil: Primeiro Reinado
O Período Regencial e as contestações ao poder central
O Brasil do Segundo Reinado: política e economia
• A Lei de Terras e seus desdobramentos na política do Segundo Reinado
• Territórios e fronteiras: a Guerra do Paraguai";(EF08HI16) Identificar, comparar e analisar a diversidade política, social e regional nas rebeliões e nos movimentos contestatórios ao poder centralizado.
História;8º;O Brasil no século XIX;"Brasil: Primeiro Reinado
O Período Regencial e as contestações ao poder central
O Brasil do Segundo Reinado: política e economia
• A Lei de Terras e seus desdobramentos na política do Segundo Reinado
• Territórios e fronteiras: a Guerra do Paraguai";(EF08HI17) Relacionar as transformações territoriais, em razão de questões de fronteiras, com as tensões e conflitos durante o Império.
História;8º;O Brasil no século XIX;"Brasil: Primeiro Reinado
O Período Regencial e as contestações ao poder central
O Brasil do Segundo Reinado: política e economia
• A Lei de Terras e seus desdobramentos na política do Segundo Reinado
• Territórios e fronteiras: a Guerra do Paraguai";(EF08HI18) Identificar as questões internas e externas sobre a atuação do Brasil na Guerra do Paraguai e discutir diferentes versões sobre o conflito.
História;8º;O Brasil no século XIX;O escravismo no Brasil do século XIX: plantations e revoltas de escravizados, abolicionismo e políticas migratórias no Brasil Imperial;(EF08HI19) Formular questionamentos sobre o legado da escravidão nas Américas, com base na seleção e consulta de fontes de diferentes naturezas.
História;8º;O Brasil no século XIX;O escravismo no Brasil do século XIX: plantations e revoltas de escravizados, abolicionismo e políticas migratórias no Brasil Imperial;(EF08HI20) Identificar e relacionar aspectos das estruturas sociais da atualidade com os legados da escravidão no Brasil e discutir a importância de ações afirmativas.
História;8º;O Brasil no século XIX;Políticas de extermínio do indígena durante o Império;(EF08HI21) Identificar e analisar as políticas oficiais com relação ao indígena durante o Império.
História;8º;O Brasil no século XIX;A produção do imaginário nacional brasileiro: cultura popular, representações visuais, letras e o Romantismo no Brasil;(EF08HI22) Discutir o papel das culturas letradas, não letradas e das artes na produção das identidades no Brasil do século XIX.
História;8º;Configurações do mundo no século XIX;Nacionalismo, revoluções e as novas nações europeias;(EF08HI23) Estabelecer relações causais entre as ideologias raciais e o determinismo no contexto do imperialismo europeu e seus impactos na África e na Ásia.
História;8º;Configurações do mundo no século XIX;Uma nova ordem econômica: as demandas do capitalismo industrial e o lugar das economias africanas e asiáticas nas dinâmicas globais;(EF08HI24) Reconhecer os principais produtos, utilizados pelos europeus, procedentes do continente africano durante o imperialismo e analisar os impactos sobre as comunidades locais na forma de organização e exploração econômica.
História;8º;Configurações do mundo no século XIX;Os Estados Unidos da América e a América Latina no século XIX;(EF08HI25) Caracterizar e contextualizar aspectos das relações entre os Estados Unidos da América e a América Latina no século XIX.
História;8º;Configurações do mundo no século XIX;O imperialismo europeu e a partilha da África e da Ásia;(EF08HI26) Identificar e contextualizar o protagonismo das populações locais na resistência ao imperialismo na África e Ásia.
História;8º;Configurações do mundo no século XIX;"Pensamento e cultura no século XIX: darwinismo e racismo
O discurso civilizatório nas Américas, o silenciamento dos saberes indígenas e as formas de integração e destruição de comunidades e povos indígenas
A resistência dos povos e comunidades indígenas diante da ofensiva civilizatória";(EF08HI27) Identificar as tensões e os significados dos discursos civilizatórios, avaliando seus impactos negativos para os povos indígenas originários e as populações negras nas Américas.
História;9º;O nascimento da República no Brasil e os processos históricos até a metade do século XX;"Experiências republicanas e práticas autoritárias: as tensões e disputas do mundo contemporâneo
A proclamação da República e seus primeiros desdobramentos";(EF09HI01) Descrever e contextualizar os principais aspectos sociais, culturais, econômicos e políticos da emergência da República no Brasil.
História;9º;O nascimento da República no Brasil e os processos históricos até a metade do século XX;"Experiências republicanas e práticas autoritárias: as tensões e disputas do mundo contemporâneo
A proclamação da República e seus primeiros desdobramentos";(EF09HI02) Caracterizar e compreender os ciclos da história republicana, identificando particularidades da história local e regional até 1954.
História;9º;O nascimento da República no Brasil e os processos históricos até a metade do século XX;"A questão da inserção dos negros no período republicano do pós-abolição
Os movimentos sociais e a imprensa negra; a cultura afro-brasileira como elemento de resistência e superação das discriminações";(EF09HI03) Identificar os mecanismos de inserção dos negros na sociedade brasileira pós-abolição e avaliar os seus resultados.
História;9º;O nascimento da República no Brasil e os processos históricos até a metade do século XX;"A questão da inserção dos negros no período republicano do pós-abolição
Os movimentos sociais e a imprensa negra; a cultura afro-brasileira como elemento de resistência e superação das discriminações";(EF09HI04) Discutir a importância da participação da população negra na formação econômica, política e social do Brasil.
História;9º;O nascimento da República no Brasil e os processos históricos até a metade do século XX;"Primeira República e suas características
Contestações e dinâmicas da vida cultural no Brasil entre 1900 e 1930";(EF09HI05) Identificar os processos de urbanização e modernização da sociedade brasileira e avaliar suas contradições e impactos na região em que vive.
História;9º;O nascimento da República no Brasil e os processos históricos até a metade do século XX;"O período varguista e suas contradições
A emergência da vida urbana e a segregação espacial
O trabalhismo e seu protagonismo político";(EF09HI06) Identificar e discutir o papel do trabalhismo como força política, social e cultural no Brasil, em diferentes escalas (nacional, regional, cidade, comunidade).
História;9º;O nascimento da República no Brasil e os processos históricos até a metade do século XX;A questão indígena durante a República (até 1964);(EF09HI07) Identificar e explicar, em meio a lógicas de inclusão e exclusão, as pautas dos povos indígenas, no contexto republicano (até 1964), e das populações afrodescendentes.
História;9º;O nascimento da República no Brasil e os processos históricos até a metade do século XX;Anarquismo e protagonismo feminino;(EF09HI08) Identificar as transformações ocorridas no debate sobre as questões da diversidade no Brasil durante o século XX e compreender o significado das mudanças de abordagem em relação ao tema.
História;9º;O nascimento da República no Brasil e os processos históricos até a metade do século XX;Anarquismo e protagonismo feminino;(EF09HI09) Relacionar as conquistas de direitos políticos, sociais e civis à atuação de movimentos sociais.
História;9º;Totalitarismos e conflitos mundiais;"O mundo em conflito: a Primeira Guerra Mundial A questão da Palestina
A Revolução Russa
A crise capitalista de 1929";(EF09HI10) Identificar e relacionar as dinâmicas do capitalismo e suas crises, os grandes conflitos mundiais e os conflitos vivenciados na Europa.
História;9º;Totalitarismos e conflitos mundiais;"O mundo em conflito: a Primeira Guerra Mundial A questão da Palestina
A Revolução Russa
A crise capitalista de 1929";(EF09HI11) Identificar as especificidades e os desdobramentos mundiais da Revolução Russa e seu significado histórico.
História;9º;Totalitarismos e conflitos mundiais;"O mundo em conflito: a Primeira Guerra Mundial A questão da Palestina
A Revolução Russa
A crise capitalista de 1929";(EF09HI12) Analisar a crise capitalista de 1929 e seus desdobramentos em relação à economia global.
História;9º;Totalitarismos e conflitos mundiais;"A emergência do fascismo e do nazismo 
A Segunda Guerra Mundial
Judeus e outras vítimas do holocausto";(EF09HI13) Descrever e contextualizar os processos da emergência do fascismo e do nazismo, a consolidação dos estados totalitários e as práticas de extermínio (como o holocausto).
História;9º;Totalitarismos e conflitos mundiais;"O colonialismo na África
As guerras mundiais, a crise do colonialismo e o advento dos nacionalismos africanos e asiáticos";(EF09HI14) Caracterizar e discutir as dinâmicas do colonialismo no continente africano e asiático e as lógicas de resistência das populações locais diante das questões internacionais.
História;9º;Totalitarismos e conflitos mundiais;A Organização das Nações Unidas (ONU) e a questão dos Direitos Humanos;(EF09HI15) Discutir as motivações que levaram à criação da Organização das Nações Unidas (ONU) no contexto do pós-guerra e os propósitos dessa organização.
História;9º;Totalitarismos e conflitos mundiais;A Organização das Nações Unidas (ONU) e a questão dos Direitos Humanos;(EF09HI16) Relacionar a Carta dos Direitos Humanos ao processo de afirmação dos direitos fundamentais e de defesa da dignidade humana, valorizando as instituições voltadas para a defesa desses direitos e para a identificação dos agentes responsáveis por sua violação.
História;9º;Modernização, ditadura civil-militar e redemocratização: o Brasil após 1946;O Brasil da era JK e o ideal de uma nação moderna: a urbanização e seus desdobramentos em um país em transformação;(EF09HI17) Identificar e analisar processos sociais, econômicos, culturais e políticos do Brasil a partir de 1946.
História;9º;Modernização, ditadura civil-militar e redemocratização: o Brasil após 1946;O Brasil da era JK e o ideal de uma nação moderna: a urbanização e seus desdobramentos em um país em transformação;(EF09HI18) Descrever e analisar as relações entre as transformações urbanas e seus impactos na cultura brasileira entre 1946 e 1964 e na produção das desigualdades regionais e sociais.
História;9º;Modernização, ditadura civil-militar e redemocratização: o Brasil após 1946;"Os anos 1960: revolução cultural?
A ditadura civil-militar e os processos de resistência
As questões indígena e negra e a ditadura";(EF09HI19) Identificar e compreender o processo que resultou na ditadura civil-militar no Brasil e discutir a emergência de questões relacionadas à memória e à justiça sobre os casos de violação dos direitos humanos.
História;9º;Modernização, ditadura civil-militar e redemocratização: o Brasil após 1946;"Os anos 1960: revolução cultural?
A ditadura civil-militar e os processos de resistência
As questões indígena e negra e a ditadura";(EF09HI20) Discutir os processos de resistência e as propostas de reorganização da sociedade brasileira durante a ditadura civil-militar.
História;9º;Modernização, ditadura civil-militar e redemocratização: o Brasil após 1946;"Os anos 1960: revolução cultural?
A ditadura civil-militar e os processos de resistência
As questões indígena e negra e a ditadura";(EF09HI21) Identificar e relacionar as demandas indígenas e quilombolas como forma de contestação ao modelo desenvolvimentista da ditadura.
História;9º;Modernização, ditadura civil-militar e redemocratização: o Brasil após 1946;"O processo de redemocratização
A Constituição de 1988 e a emancipação das cidadanias (analfabetos, indígenas, negros, jovens etc.)
A história recente do Brasil: transformações políticas, econômicas, sociais e culturais de 1989 aos dias atuais
Os protagonismos da sociedade civil e as alterações da sociedade brasileira
A questão da violência contra populações marginalizadas
O Brasil e suas relações internacionais na era da globalização";(EF09HI22) Discutir o papel da mobilização da sociedade brasileira do final do período ditatorial até a Constituição de 1988.
História;9º;Modernização, ditadura civil-militar e redemocratização: o Brasil após 1946;"O processo de redemocratização
A Constituição de 1988 e a emancipação das cidadanias (analfabetos, indígenas, negros, jovens etc.)
A história recente do Brasil: transformações políticas, econômicas, sociais e culturais de 1989 aos dias atuais
Os protagonismos da sociedade civil e as alterações da sociedade brasileira
A questão da violência contra populações marginalizadas
O Brasil e suas relações internacionais na era da globalização";(EF09HI23) Identificar direitos civis, políticos e sociais expressos na Constituição de 1988 e relacioná-los à noção de cidadania e ao pacto da sociedade brasileira de combate a diversas formas de preconceito, como o racismo.
História;9º;Modernização, ditadura civil-militar e redemocratização: o Brasil após 1946;"O processo de redemocratização
A Constituição de 1988 e a emancipação das cidadanias (analfabetos, indígenas, negros, jovens etc.)
A história recente do Brasil: transformações políticas, econômicas, sociais e culturais de 1989 aos dias atuais
Os protagonismos da sociedade civil e as alterações da sociedade brasileira
A questão da violência contra populações marginalizadas
O Brasil e suas relações internacionais na era da globalização";(EF09HI24) Analisar as transformações políticas, econômicas, sociais e culturais de 1989 aos dias atuais, identificando questões prioritárias para a promoção da cidadania e dos valores democráticos.
História;9º;Modernização, ditadura civil-militar e redemocratização: o Brasil após 1946;"O processo de redemocratização
A Constituição de 1988 e a emancipação das cidadanias (analfabetos, indígenas, negros, jovens etc.)
A história recente do Brasil: transformações políticas, econômicas, sociais e culturais de 1989 aos dias atuais
Os protagonismos da sociedade civil e as alterações da sociedade brasileira
A questão da violência contra populações marginalizadas
O Brasil e suas relações internacionais na era da globalização";(EF09HI25) Relacionar as transformações da sociedade brasileira aos protagonismos da sociedade civil após 1989.
História;9º;Modernização, ditadura civil-militar e redemocratização: o Brasil após 1946;"O processo de redemocratização
A Constituição de 1988 e a emancipação das cidadanias (analfabetos, indígenas, negros, jovens etc.)
A história recente do Brasil: transformações políticas, econômicas, sociais e culturais de 1989 aos dias atuais
Os protagonismos da sociedade civil e as alterações da sociedade brasileira
A questão da violência contra populações marginalizadas
O Brasil e suas relações internacionais na era da globalização";(EF09HI26) Discutir e analisar as causas da violência contra populações marginalizadas (negros, indígenas, mulheres, homossexuais, camponeses, pobres etc.) com vistas à tomada de consciência e à construção de uma cultura de paz, empatia e respeito às pessoas.
História;9º;Modernização, ditadura civil-militar e redemocratização: o Brasil após 1946;"O processo de redemocratização
A Constituição de 1988 e a emancipação das cidadanias (analfabetos, indígenas, negros, jovens etc.)
A história recente do Brasil: transformações políticas, econômicas, sociais e culturais de 1989 aos dias atuais
Os protagonismos da sociedade civil e as alterações da sociedade brasileira
A questão da violência contra populações marginalizadas
O Brasil e suas relações internacionais na era da globalização";(EF09HI27) Relacionar aspectos das mudanças econômicas, culturais e sociais ocorridas no Brasil a partir da década de 1990 ao papel do País no cenário internacional na era da globalização.
História;9º;A história recente;"A Guerra Fria: confrontos de dois modelos políticos
A Revolução Chinesa e as tensões entre China e Rússia
A Revolução Cubana e as tensões entre Estados Unidos da América e Cuba";(EF09HI28) Identificar e analisar aspectos da Guerra Fria, seus principais conflitos e as tensões geopolíticas no interior dos blocos liderados por soviéticos e estadunidenses.
História;9º;A história recente;As experiências ditatoriais na América Latina;(EF09HI29) Descrever e analisar as experiências ditatoriais na América Latina, seus procedimentos e vínculos com o poder, em nível nacional e internacional, e a atuação de movimentos de contestação às ditaduras.
História;9º;A história recente;As experiências ditatoriais na América Latina;(EF09HI30) Comparar as características dos regimes ditatoriais latino-americanos, com especial atenção para a censura política, a opressão e o uso da força, bem como para as reformas econômicas e sociais e seus impactos.
História;9º;A história recente;Os processos de descolonização na África e na Ásia;(EF09HI31) Descrever e avaliar os processos de descolonização na África e na Ásia.
História;9º;A história recente;"O fim da Guerra Fria e o processo de globalização
Políticas econômicas na América Latina";(EF09HI32) Analisar mudanças e permanências associadas ao processo de globalização, considerando os argumentos dos movimentos críticos às políticas globais.
História;9º;A história recente;"O fim da Guerra Fria e o processo de globalização
Políticas econômicas na América Latina";(EF09HI33) Analisar as transformações nas relações políticas locais e globais geradas pelo desenvolvimento das tecnologias digitais de informação e comunicação.
História;9º;A história recente;"O fim da Guerra Fria e o processo de globalização
Políticas econômicas na América Latina";(EF09HI34) Discutir as motivações da adoção de diferentes políticas econômicas na América Latina, assim como seus impactos sociais nos países da região.
História;9º;A história recente;"Os conflitos do século XXI e a questão do terrorismo
Pluralidades e diversidades identitárias na atualidade
As pautas dos povos indígenas no século XXI e suas formas de inserção no debate local, regional, nacional e internacional";(EF09HI35) Analisar os aspectos relacionados ao fenômeno do terrorismo na contemporaneidade, incluindo os movimentos migratórios e os choques entre diferentes grupos e culturas.
História;9º;A história recente;"Os conflitos do século XXI e a questão do terrorismo
Pluralidades e diversidades identitárias na atualidade
As pautas dos povos indígenas no século XXI e suas formas de inserção no debate local, regional, nacional e internacional";(EF09HI36) Identificar e discutir as diversidades identitárias e seus significados históricos no início do século XXI, combatendo qualquer forma de preconceito e violência.
