Matemática;1º;Números;"Contagem de rotina
Contagem ascendente e descendente
Reconhecimento de números no contexto diário: indicação de quantidades, indicação de ordem ou indicação de código para a organização de informações";(EF01MA01) Utilizar números naturais como indicador de quantidade ou de ordem em diferentes situações cotidianas e reconhecer situações em que os números não indicam contagem nem ordem, mas sim código de identificação.
Matemática;1º;Números;Quantificação de elementos de uma coleção: estimativas, contagem um a um, pareamento ou outros agrupamentos e comparação;(EF01MA02) Contar de maneira exata ou aproximada, utilizando diferentes estratégias como o pareamento e outros agrupamentos.
Matemática;1º;Números;Quantificação de elementos de uma coleção: estimativas, contagem um a um, pareamento ou outros agrupamentos e comparação;(EF01MA03) Estimar e comparar quantidades de objetos de dois conjuntos (em torno de 20 elementos), por estimativa e/ou por correspondência (um a um, dois a dois) para indicar “tem mais”, “tem menos” ou “tem a mesma quantidade”.
Matemática;1º;Números;"Leitura, escrita e comparação de números naturais (até 100)
Reta numérica";(EF01MA04) Contar a quantidade de objetos de coleções até 100 unidades e apresentar o resultado por registros verbais e simbólicos, em situações de seu interesse, como jogos, brincadeiras, materiais da sala de aula, entre outros.
Matemática;1º;Números;"Leitura, escrita e comparação de números naturais (até 100)
Reta numérica";(EF01MA05) Comparar números naturais de até duas ordens em situações cotidianas, com e sem suporte da reta numérica.
Matemática;1º;Números;Construção de fatos básicos da adição;(EF01MA06) Construir fatos básicos da adição e utilizá-los em procedimentos de cálculo para resolver problemas.
Matemática;1º;Números;Composição e decomposição de números naturais;(EF01MA07) Compor e decompor número de até duas ordens, por meio de diferentes adições, com o suporte de material manipulável, contribuindo para a compreensão de características do sistema de numeração decimal e o desenvolvimento de estratégias de cálculo.
Matemática;1º;Números;Problemas envolvendo diferentes significados da adição e da subtração (juntar, acrescentar, separar, retirar);(EF01MA08) Resolver e elaborar problemas de adição e de subtração, envolvendo números de até dois algarismos, com os significados de juntar, acrescentar, separar e retirar, com o suporte de imagens e/ou material manipulável, utilizando estratégias e formas de registro pessoais.
Matemática;1º;Álgebra;Padrões figurais e numéricos: investigação de regularidades ou padrões em sequências;(EF01MA09) Organizar e ordenar objetos familiares ou representações por figuras, por meio de atributos, tais como cor, forma e medida.
Matemática;1º;Álgebra;Sequências recursivas: observação de regras usadas utilizadas em seriações numéricas (mais 1, mais 2, menos 1, menos 2, por exemplo);(EF01MA10) Descrever, após o reconhecimento e a explicitação de um padrão (ou regularidade), os elementos ausentes em sequências recursivas de números naturais, objetos ou figuras.
Matemática;1º;Geometria;Localização de objetos e de pessoas no espaço, utilizando diversos pontos de referência e vocabulário apropriado;(EF01MA11) Descrever a localização de pessoas e de objetos no espaço em relação à sua própria posição, utilizando termos como à direita, à esquerda, em frente, atrás.
Matemática;1º;Geometria;Localização de objetos e de pessoas no espaço, utilizando diversos pontos de referência e vocabulário apropriado;(EF01MA12) Descrever a localização de pessoas e de objetos no espaço segundo um dado ponto de referência, compreendendo que, para a utilização de termos que se referem à posição, como direita, esquerda, em cima, em baixo, é necessário explicitar-se o referencial.
Matemática;1º;Geometria;Figuras geométricas espaciais: reconhecimento e relações com objetos familiares do mundo físico;(EF01MA13) Relacionar figuras geométricas espaciais (cones, cilindros, esferas e blocos retangulares) a objetos familiares do mundo físico.
Matemática;1º;Geometria;Figuras geométricas planas: reconhecimento do formato das faces de figuras geométricas espaciais;(EF01MA14) Identificar e nomear figuras planas (círculo, quadrado, retângulo e triângulo) em desenhos apresentados em diferentes disposições ou em contornos de faces de sólidos geométricos.
Matemática;1º;Grandezas e medidas;Medidas de comprimento, massa e capacidade: comparações e unidades de medida não convencionais;(EF01MA15) Comparar comprimentos, capacidades ou massas, utilizando termos como mais alto, mais baixo, mais comprido, mais curto, mais grosso, mais fino, mais largo, mais pesado, mais leve, cabe mais, cabe menos, entre outros, para ordenar objetos de uso cotidiano.
Matemática;1º;Grandezas e medidas;Medidas de tempo: unidades de medida de tempo, suas relações e o uso do calendário;(EF01MA16) Relatar em linguagem verbal ou não verbal sequência de acontecimentos relativos a um dia, utilizando, quando possível, os horários dos eventos.
Matemática;1º;Grandezas e medidas;Medidas de tempo: unidades de medida de tempo, suas relações e o uso do calendário;(EF01MA17) Reconhecer e relacionar períodos do dia, dias da semana e meses do ano, utilizando calendário, quando necessário.
Matemática;1º;Grandezas e medidas;Medidas de tempo: unidades de medida de tempo, suas relações e o uso do calendário;(EF01MA18) Produzir a escrita de uma data, apresentando o dia, o mês e o ano, e indicar o dia da semana de uma data, consultando calendários.
Matemática;1º;Grandezas e medidas;Sistema monetário brasileiro: reconhecimento de cédulas e moedas;(EF01MA19) Reconhecer e relacionar valores de moedas e cédulas do sistema monetário brasileiro para resolver situações simples do cotidiano do estudante.
Matemática;1º;Probabilidade e estatística;Noção de acaso;(EF01MA20) Classificar eventos envolvendo o acaso, tais como “acontecerá com certeza”, “talvez aconteça” e “é impossível acontecer”, em situações do cotidiano.
Matemática;1º;Probabilidade e estatística;Leitura de tabelas e de gráficos de colunas simples;(EF01MA21) Ler dados expressos em tabelas e em gráficos de colunas simples.
Matemática;1º;Probabilidade e estatística;"Coleta e organização de informações
Registros pessoais para comunicação de informações coletadas";(EF01MA22) Realizar pesquisa, envolvendo até duas variáveis categóricas de seu interesse e universo de até 30 elementos, e organizar dados por meio de representações pessoais.
Matemática;2º;Números;Leitura, escrita, comparação e ordenação de números de até três ordens pela compreensão de características do sistema de numeração decimal (valor posicional e papel do zero);(EF02MA01) Comparar e ordenar números naturais (até a ordem de centenas) pela compreensão de características do sistema de numeração decimal (valor posicional e função do zero).
Matemática;2º;Números;Leitura, escrita, comparação e ordenação de números de até três ordens pela compreensão de características do sistema de numeração decimal (valor posicional e papel do zero);(EF02MA02) Fazer estimativas por meio de estratégias diversas a respeito da quantidade de objetos de coleções e registrar o resultado da contagem desses objetos (até 1000 unidades).
Matemática;2º;Números;Leitura, escrita, comparação e ordenação de números de até três ordens pela compreensão de características do sistema de numeração decimal (valor posicional e papel do zero);(EF02MA03) Comparar quantidades de objetos de dois conjuntos, por estimativa e/ou por correspondência (um a um, dois a dois, entre outros), para indicar “tem mais”, “tem menos” ou “tem a mesma quantidade”, indicando, quando for o caso, quantos a mais e quantos a menos.
Matemática;2º;Números;Composição e decomposição de números naturais (até 1000);(EF02MA04) Compor e decompor números naturais de até três ordens, com suporte de material manipulável, por meio de diferentes adições.
Matemática;2º;Números;Construção de fatos fundamentais da adição e da subtração;(EF02MA05) Construir fatos básicos da adição e subtração e utilizá-los no cálculo mental ou escrito.
Matemática;2º;Números;Problemas envolvendo diferentes significados da adição e da subtração (juntar, acrescentar, separar, retirar);(EF02MA06) Resolver e elaborar problemas de adição e de subtração, envolvendo números de até três ordens, com os significados de juntar, acrescentar, separar, retirar, utilizando estratégias pessoais ou convencionais.
Matemática;2º;Números;Problemas envolvendo adição de parcelas iguais (multiplicação);(EF02MA07) Resolver e elaborar problemas de multiplicação (por 2, 3, 4 e 5) com a ideia de adição de parcelas iguais por meio de estratégias e formas de registro pessoais, utilizando ou não suporte de imagens e/ou material manipulável.
Matemática;2º;Números;Problemas envolvendo significados de dobro, metade, triplo e terça parte;(EF02MA08) Resolver e elaborar problemas envolvendo dobro, metade, triplo e terça parte, com o suporte de imagens ou material manipulável, utilizando estratégias pessoais.
Matemática;2º;Álgebra;Construção de sequências repetitivas e de sequências recursivas;(EF02MA09) Construir sequências de números naturais em ordem crescente ou decrescente a partir de um número qualquer, utilizando uma regularidade estabelecida.
Matemática;2º;Álgebra;Identificação de regularidade de sequências e determinação de elementos ausentes na sequência;(EF02MA10) Descrever um padrão (ou regularidade) de sequências repetitivas e de sequências recursivas, por meio de palavras, símbolos ou desenhos.
Matemática;2º;Álgebra;Identificação de regularidade de sequências e determinação de elementos ausentes na sequência;(EF02MA11) Descrever os elementos ausentes em sequências repetitivas e em sequências recursivas de números naturais, objetos ou figuras.
Matemática;2º;Geometria;Localização e movimentação de pessoas e objetos no espaço, segundo pontos de referência, e indicação de mudanças de direção e sentido;(EF02MA12) Identificar e registrar, em linguagem verbal ou não verbal, a localização e os deslocamentos de pessoas e de objetos no espaço, considerando mais de um ponto de referência, e indicar as mudanças de direção e de sentido.
Matemática;2º;Geometria;Esboço de roteiros e de plantas simples;(EF02MA13) Esboçar roteiros a ser seguidos ou plantas de ambientes familiares, assinalando entradas, saídas e alguns pontos de referência.
Matemática;2º;Geometria;Figuras geométricas espaciais (cubo, bloco retangular, pirâmide, cone, cilindro e esfera): reconhecimento e características;(EF02MA14) Reconhecer, nomear e comparar figuras geométricas espaciais (cubo, bloco retangular, pirâmide, cone, cilindro e esfera), relacionando-as com objetos do mundo físico.
Matemática;2º;Geometria;Figuras geométricas planas (círculo, quadrado, retângulo e triângulo): reconhecimento e características;(EF02MA15) Reconhecer, comparar e nomear figuras planas (círculo, quadrado, retângulo e triângulo), por meio de características comuns, em desenhos apresentados em diferentes disposições ou em sólidos geométricos.
Matemática;2º;Grandezas e medidas;Medida de comprimento: unidades não padronizadas e padronizadas (metro, centímetro e milímetro);(EF02MA16) Estimar, medir e comparar comprimentos de lados de salas (incluindo contorno) e de polígonos, utilizando unidades de medida não padronizadas e padronizadas (metro, centímetro e milímetro) e instrumentos adequados.
Matemática;2º;Grandezas e medidas;Medida de capacidade e de massa: unidades de medida não convencionais e convencionais (litro, mililitro, cm3, grama e quilograma);(EF02MA17) Estimar, medir e comparar capacidade e massa, utilizando estratégias pessoais e unidades de medida não padronizadas ou padronizadas (litro, mililitro, grama e quilograma).
Matemática;2º;Grandezas e medidas;Medidas de tempo: intervalo de tempo, uso do calendário, leitura de horas em relógios digitais e ordenação de datas;(EF02MA18) Indicar a duração de intervalos de tempo entre duas datas, como dias da semana e meses do ano, utilizando calendário, para planejamentos e organização de agenda.
Matemática;2º;Grandezas e medidas;Medidas de tempo: intervalo de tempo, uso do calendário, leitura de horas em relógios digitais e ordenação de datas;(EF02MA19) Medir a duração de um intervalo de tempo por meio de relógio digital e registrar o horário do início e do fim do intervalo.
Matemática;2º;Grandezas e medidas;Sistema monetário brasileiro: reconhecimento de cédulas e moedas e equivalência de valores;(EF02MA20) Estabelecer a equivalência de valores entre moedas e cédulas do sistema monetário brasileiro para resolver situações cotidianas.
Matemática;2º;Probabilidade e estatística;Análise da ideia de aleatório em situações do cotidiano;(EF02MA21) Classificar resultados de eventos cotidianos aleatórios como “pouco prováveis”, “muito prováveis”, “improváveis” e “impossíveis”.
Matemática;2º;Probabilidade e estatística;Coleta, classificação e representação de dados em tabelas simples e de dupla entrada e em gráficos de colunas;(EF02MA22) Comparar informações de pesquisas apresentadas por meio de tabelas de dupla entrada e em gráficos de colunas simples ou barras, para melhor compreender aspectos da realidade próxima.
Matemática;2º;Probabilidade e estatística;Coleta, classificação e representação de dados em tabelas simples e de dupla entrada e em gráficos de colunas;(EF02MA23) Realizar pesquisa em universo de até 30 elementos, escolhendo até três variáveis categóricas de seu interesse, organizando os dados coletados em listas, tabelas e gráficos de colunas simples.
Matemática;3º;Números;Leitura, escrita, comparação e ordenação de números naturais de quatro ordens;(EF03MA01) Ler, escrever e comparar números naturais de até a ordem de unidade de milhar, estabelecendo relações entre os registros numéricos e em língua materna.
Matemática;3º;Números;Composição e decomposição de números naturais;(EF03MA02) Identificar características do sistema de numeração decimal, utilizando a composição e a decomposição de número natural de até quatro ordens.
Matemática;3º;Números;"Construção de fatos fundamentais da adição, subtração e multiplicação
Reta numérica";(EF03MA03) Construir e utilizar fatos básicos da adição e da multiplicação para o cálculo mental ou escrito.
Matemática;3º;Números;"Construção de fatos fundamentais da adição, subtração e multiplicação
Reta numérica";(EF03MA04) Estabelecer a relação entre números naturais e pontos da reta numérica para utilizá-la na ordenação dos números naturais e também na construção de fatos da adição e da subtração, relacionando-os com deslocamentos para a direita ou para a esquerda.
Matemática;3º;Números;Procedimentos de cálculo (mental e escrito) com números naturais: adição e subtração;(EF03MA05) Utilizar diferentes procedimentos de cálculo mental e escrito para resolver problemas significativos envolvendo adição e subtração com números naturais.
Matemática;3º;Números;Problemas envolvendo significados da adição e da subtração: juntar, acrescentar, separar, retirar, comparar e completar quantidades;(EF03MA06) Resolver e elaborar problemas de adição e subtração com os significados de juntar, acrescentar, separar, retirar, comparar e completar quantidades, utilizando diferentes estratégias de cálculo exato ou aproximado, incluindo cálculo mental.
Matemática;3º;Números;Problemas envolvendo diferentes significados da multiplicação e da divisão: adição de parcelas iguais, configuração retangular, repartição em partes iguais e medida;(EF03MA07) Resolver e elaborar problemas de multiplicação (por 2, 3, 4, 5 e 10) com os significados de adição de parcelas iguais e elementos apresentados em disposição retangular, utilizando diferentes estratégias de cálculo e registros.
Matemática;3º;Números;Problemas envolvendo diferentes significados da multiplicação e da divisão: adição de parcelas iguais, configuração retangular, repartição em partes iguais e medida;(EF03MA08) Resolver e elaborar problemas de divisão de um número natural por outro (até 10), com resto zero e com resto diferente de zero, com os significados de repartição equitativa e de medida, por meio de estratégias e registros pessoais.
Matemática;3º;Números;Significados de metade, terça parte, quarta parte, quinta parte e décima parte;(EF03MA09) Associar o quociente de uma divisão com resto zero de um número natural por 2, 3, 4, 5 e 10 às ideias de metade, terça, quarta, quinta e décima partes.
Matemática;3º;Álgebra;Identificação e descrição de regularidades em sequências numéricas recursivas;(EF03MA10) Identificar regularidades em sequências ordenadas de números naturais, resultantes da realização de adições ou subtrações sucessivas, por um mesmo número, descrever uma regra de formação da sequência e determinar elementos faltantes ou seguintes.
Matemática;3º;Álgebra;Relação de igualdade;(EF03MA11) Compreender a ideia de igualdade para escrever diferentes sentenças de adições ou de subtrações de dois números naturais que resultem na mesma soma ou diferença.
Matemática;3º;Geometria;Localização e movimentação: representação de objetos e pontos de referência;(EF03MA12) Descrever e representar, por meio de esboços de trajetos ou utilizando croquis e maquetes, a movimentação de pessoas ou de objetos no espaço, incluindo mudanças de direção e sentido, com base em diferentes pontos de referência.
Matemática;3º;Geometria;Figuras geométricas espaciais (cubo, bloco retangular, pirâmide, cone, cilindro e esfera): reconhecimento, análise de características e planificações;(EF03MA13) Associar figuras geométricas espaciais (cubo, bloco retangular, pirâmide, cone, cilindro e esfera) a objetos do mundo físico e nomear essas figuras.
Matemática;3º;Geometria;Figuras geométricas espaciais (cubo, bloco retangular, pirâmide, cone, cilindro e esfera): reconhecimento, análise de características e planificações;(EF03MA14) Descrever características de algumas figuras geométricas espaciais (prismas retos, pirâmides, cilindros, cones), relacionando-as com suas planificações.
Matemática;3º;Geometria;Figuras geométricas planas (triângulo, quadrado, retângulo, trapézio e paralelogramo): reconhecimento e análise de características;(EF03MA15) Classificar e comparar figuras planas (triângulo, quadrado, retângulo, trapézio e paralelogramo) em relação a seus lados (quantidade, posições relativas e comprimento) e vértices.
Matemática;3º;Geometria;Congruência de figuras geométricas planas;(EF03MA16) Reconhecer figuras congruentes, usando sobreposição e desenhos em malhas quadriculadas ou triangulares, incluindo o uso de tecnologias digitais.
Matemática;3º;Grandezas e medidas;Significado de medida e de unidade de medida;(EF03MA17) Reconhecer que o resultado de uma medida depende da unidade de medida utilizada.
Matemática;3º;Grandezas e medidas;Significado de medida e de unidade de medida;(EF03MA18) Escolher a unidade de medida e o instrumento mais apropriado para medições de comprimento, tempo e capacidade.
Matemática;3º;Grandezas e medidas;Medidas de comprimento (unidades não convencionais e convencionais): registro, instrumentos de medida, estimativas e comparações;(EF03MA19) Estimar, medir e comparar comprimentos, utilizando unidades de medida não padronizadas e padronizadas mais usuais (metro, centímetro e milímetro) e diversos instrumentos de medida.
Matemática;3º;Grandezas e medidas;Medidas de capacidade e de massa (unidades não convencionais e convencionais): registro, estimativas e comparações;(EF03MA20) Estimar e medir capacidade e massa, utilizando unidades de medida não padronizadas e padronizadas mais usuais (litro, mililitro, quilograma, grama e miligrama), reconhecendo-as em leitura de rótulos e embalagens, entre outros.
Matemática;3º;Grandezas e medidas;Comparação de áreas por superposição;(EF03MA21) Comparar, visualmente ou por superposição, áreas de faces de objetos, de figuras planas ou de desenhos.
Matemática;3º;Grandezas e medidas;Medidas de tempo: leitura de horas em relógios digitais e analógicos, duração de eventos e reconhecimento de relações entre unidades de medida de tempo;(EF03MA22) Ler e registrar medidas e intervalos de tempo, utilizando relógios (analógico e digital) para informar os horários de início e término de realização de uma atividade e sua duração.
Matemática;3º;Grandezas e medidas;Medidas de tempo: leitura de horas em relógios digitais e analógicos, duração de eventos e reconhecimento de relações entre unidades de medida de tempo;(EF03MA23) Ler horas em relógios digitais e em relógios analógicos e reconhecer a relação entre hora e minutos e entre minuto e segundos.
Matemática;3º;Grandezas e medidas;Sistema monetário brasileiro: estabelecimento de equivalências de um mesmo valor na utilização de diferentes cédulas e moedas;(EF03MA24) Resolver e elaborar problemas que envolvam a comparação e a equivalência de valores monetários do sistema brasileiro em situações de compra, venda e troca.
Matemática;3º;Probabilidade e estatística;Análise da ideia de acaso em situações do cotidiano: espaço amostral;(EF03MA25) Identificar, em eventos familiares aleatórios, todos os resultados possíveis, estimando os que têm maiores ou menores chances de ocorrência.
Matemática;3º;Probabilidade e estatística;Leitura, interpretação e representação de dados em tabelas de dupla entrada e gráficos de barras;(EF03MA26) Resolver problemas cujos dados estão apresentados em tabelas de dupla entrada, gráficos de barras ou de colunas.
Matemática;3º;Probabilidade e estatística;Leitura, interpretação e representação de dados em tabelas de dupla entrada e gráficos de barras;(EF03MA27) Ler, interpretar e comparar dados apresentados em tabelas de dupla entrada, gráficos de barras ou de colunas, envolvendo resultados de pesquisas significativas, utilizando termos como maior e menor frequência, apropriando-se desse tipo de linguagem para compreender aspectos da realidade sociocultural significativos.
Matemática;3º;Probabilidade e estatística;Coleta, classificação e representação de dados referentes a variáveis categóricas, por meio de tabelas e gráficos;(EF03MA28) Realizar pesquisa envolvendo variáveis categóricas em um universo de até 50 elementos, organizar os dados coletados utilizando listas, tabelas simples ou de dupla entrada e representá-los em gráficos de colunas simples, com e sem uso de tecnologias digitais.
Matemática;4º;Números;Sistema de numeração decimal: leitura, escrita, comparação e ordenação de números naturais de até cinco ordens;(EF04MA01) Ler, escrever e ordenar números naturais até a ordem de dezenas de milhar.
Matemática;4º;Números;Composição e decomposição de um número natural de até cinco ordens, por meio de adições e multiplicações por potências de 10;(EF04MA02) Mostrar, por decomposição e composição, que todo número natural pode ser escrito por meio de adições e multiplicações por potências de dez, para compreender o sistema de numeração decimal e desenvolver estratégias de cálculo.
Matemática;4º;Números;Propriedades das operações para o desenvolvimento de diferentes estratégias de cálculo com números naturais;(EF04MA03) Resolver e elaborar problemas com números naturais envolvendo adição e subtração, utilizando estratégias diversas, como cálculo, cálculo mental e algoritmos, além de fazer estimativas do resultado.
Matemática;4º;Números;Propriedades das operações para o desenvolvimento de diferentes estratégias de cálculo com números naturais;(EF04MA04) Utilizar as relações entre adição e subtração, bem como entre multiplicação e divisão, para ampliar as estratégias de cálculo.
Matemática;4º;Números;Propriedades das operações para o desenvolvimento de diferentes estratégias de cálculo com números naturais;(EF04MA05) Utilizar as propriedades das operações para desenvolver estratégias de cálculo.
Matemática;4º;Números;Problemas envolvendo diferentes significados da multiplicação e da divisão: adição de parcelas iguais, configuração retangular, proporcionalidade, repartição equitativa e medida;(EF04MA06) Resolver e elaborar problemas envolvendo diferentes significados da multiplicação (adição de parcelas iguais, organização retangular e proporcionalidade), utilizando estratégias diversas, como cálculo por estimativa, cálculo mental e algoritmos.
Matemática;4º;Números;Problemas envolvendo diferentes significados da multiplicação e da divisão: adição de parcelas iguais, configuração retangular, proporcionalidade, repartição equitativa e medida;(EF04MA07) Resolver e elaborar problemas de divisão cujo divisor tenha no máximo dois algarismos, envolvendo os significados de repartição equitativa e de medida, utilizando estratégias diversas, como cálculo por estimativa, cálculo mental e algoritmos.
Matemática;4º;Números;Problemas de contagem;(EF04MA08) Resolver, com o suporte de imagem e/ou material manipulável, problemas simples de contagem, como a determinação do número de agrupamentos possíveis ao se combinar cada elemento de uma coleção com todos os elementos de outra, utilizando estratégias e formas de registro pessoais.
Matemática;4º;Números;Números racionais: frações unitárias mais usuais (1/2, 1/3, 1/4, 1/5, 1/10 e 1/100);(EF04MA09) Reconhecer as frações unitárias mais usuais (1/2, 1/3, 1/4, 1/5, 1/10 e 1/100) como unidades de medida menores do que uma unidade, utilizando a reta numérica como recurso.
Matemática;4º;Números;Números racionais: representação decimal para escrever valores do sistema monetário brasileiro;(EF04MA10) Reconhecer que as regras do sistema de numeração decimal podem ser estendidas para a representação decimal de um número racional e relacionar décimos e centésimos com a representação do sistema monetário brasileiro.
Matemática;4º;Álgebra;Sequência numérica recursiva formada por múltiplos de um número natural;(EF04MA11) Identificar regularidades em sequências numéricas compostas por múltiplos de um número natural.
Matemática;4º;Álgebra;Sequência numérica recursiva formada por números que deixam o mesmo resto ao ser divididos por um mesmo número natural diferente de zero;(EF04MA12) Reconhecer, por meio de investigações, que há grupos de números naturais para os quais as divisões por um determinado número resultam em restos iguais, identificando regularidades.
Matemática;4º;Álgebra;Relações entre adição e subtração e entre multiplicação e divisão;(EF04MA13) Reconhecer, por meio de investigações, utilizando a calculadora quando necessário, as relações inversas entre as operações de adição e de subtração e de multiplicação e de divisão, para aplicá-las na resolução de problemas.
Matemática;4º;Álgebra;Propriedades da igualdade;(EF04MA14) Reconhecer e mostrar, por meio de exemplos, que a relação de igualdade existente entre dois termos permanece quando se adiciona ou se subtrai um mesmo número a cada um desses termos.
Matemática;4º;Álgebra;Propriedades da igualdade;(EF04MA15) Determinar o número desconhecido que torna verdadeira uma igualdade que envolve as operações fundamentais com números naturais.
Matemática;4º;Geometria;"Localização e movimentação: pontos de referência, direção e sentido
Paralelismo e perpendicularismo";(EF04MA16) Descrever deslocamentos e localização de pessoas e de objetos no espaço, por meio de malhas quadriculadas e representações como desenhos, mapas, planta baixa e croquis, empregando termos como direita e esquerda, mudanças de direção e sentido, intersecção, transversais, paralelas e perpendiculares.
Matemática;4º;Geometria;Figuras geométricas espaciais (prismas e pirâmides): reconhecimento, representações, planificações e características;(EF04MA17) Associar prismas e pirâmides a suas planificações e analisar, nomear e comparar seus atributos, estabelecendo relações entre as representações planas e espaciais.
Matemática;4º;Geometria;Ângulos retos e não retos: uso de dobraduras, esquadros e softwares;(EF04MA18) Reconhecer ângulos retos e não retos em figuras poligonais com o uso de dobraduras, esquadros ou softwares de geometria.
Matemática;4º;Geometria;Simetria de reflexão;(EF04MA19) Reconhecer simetria de reflexão em figuras e em pares de figuras geométricas planas e utilizá-la na construção de figuras congruentes, com o uso de malhas quadriculadas e de softwares de geometria.
Matemática;4º;Grandezas e medidas;Medidas de comprimento, massa e capacidade: estimativas, utilização de instrumentos de medida e de unidades de medida convencionais mais usuais;(EF04MA20) Medir e estimar comprimentos (incluindo perímetros), massas e capacidades, utilizando unidades de medida padronizadas mais usuais, valorizando e respeitando a cultura local.
Matemática;4º;Grandezas e medidas;Áreas de figuras construídas em malhas quadriculadas;(EF04MA21) Medir, comparar e estimar área de figuras planas desenhadas em malha quadriculada, pela contagem dos quadradinhos ou de metades de quadradinho, reconhecendo que duas figuras com formatos diferentes podem ter a mesma medida de área.
Matemática;4º;Grandezas e medidas;Medidas de tempo: leitura de horas em relógios digitais e analógicos, duração de eventos e relações entre unidades de medida de tempo;(EF04MA22) Ler e registrar medidas e intervalos de tempo em horas, minutos e segundos em situações relacionadas ao seu cotidiano, como informar os horários de início e término de realização de uma tarefa e sua duração.
Matemática;4º;Grandezas e medidas;Medidas de temperatura em grau Celsius: construção de gráficos para indicar a variação da temperatura (mínima e máxima) medida em um dado dia ou em uma semana;(EF04MA23) Reconhecer temperatura como grandeza e o grau Celsius como unidade de medida a ela associada e utilizá-lo em comparações de temperaturas em diferentes regiões do Brasil ou no exterior ou, ainda, em discussões que envolvam problemas relacionados ao aquecimento global.
Matemática;4º;Grandezas e medidas;Medidas de temperatura em grau Celsius: construção de gráficos para indicar a variação da temperatura (mínima e máxima) medida em um dado dia ou em uma semana;(EF04MA24) Registrar as temperaturas máxima e mínima diárias, em locais do seu cotidiano, e elaborar gráficos de colunas com as variações diárias da temperatura, utilizando, inclusive, planilhas eletrônicas.
Matemática;4º;Grandezas e medidas;Problemas utilizando o sistema monetário brasileiro;(EF04MA25) Resolver e elaborar problemas que envolvam situações de compra e venda e formas de pagamento, utilizando termos como troco e desconto, enfatizando o consumo ético, consciente e responsável.
Matemática;4º;Probabilidade e estatística;Análise de chances de eventos aleatórios;(EF04MA26) Identificar, entre eventos aleatórios cotidianos, aqueles que têm maior chance de ocorrência, reconhecendo características de resultados mais prováveis, sem utilizar frações.
Matemática;4º;Probabilidade e estatística;Leitura, interpretação e representação de dados em tabelas de dupla entrada, gráficos de colunas simples e agrupadas, gráficos de barras e colunas e gráficos pictóricos;(EF04MA27) Analisar dados apresentados em tabelas simples ou de dupla entrada e em gráficos de colunas ou pictóricos, com base em informações das diferentes áreas do conhecimento, e produzir texto com a síntese de sua análise.
Matemática;4º;Probabilidade e estatística;"Diferenciação entre variáveis categóricas e variáveis numéricas
Coleta, classificação e representação de dados de pesquisa realizada";(EF04MA28) Realizar pesquisa envolvendo variáveis categóricas e numéricas e organizar dados coletados por meio de tabelas e gráficos de colunas simples ou agrupadas, com e sem uso de tecnologias digitais.
Matemática;5º;Números;Sistema de numeração decimal: leitura, escrita e ordenação de números naturais (de até seis ordens);(EF05MA01) Ler, escrever e ordenar números naturais até a ordem das centenas de milhar com compreensão das principais características do sistema de numeração decimal.
Matemática;5º;Números;Números racionais expressos na forma decimal e sua representação na reta numérica;(EF05MA02) Ler, escrever e ordenar números racionais na forma decimal com compreensão das principais características do sistema de numeração decimal, utilizando, como recursos, a composição e decomposição e a reta numérica.
Matemática;5º;Números;Representação fracionária dos números racionais: reconhecimento, significados, leitura e representação na reta numérica;(EF05MA03) Identificar e representar frações (menores e maiores que a unidade), associando-as ao resultado de uma divisão ou à ideia de parte de um todo, utilizando a reta numérica como recurso.
Matemática;5º;Números;Comparação e ordenação de números racionais na representação decimal e na fracionária utilizando a noção de equivalência;(EF05MA04) Identificar frações equivalentes.
Matemática;5º;Números;Comparação e ordenação de números racionais na representação decimal e na fracionária utilizando a noção de equivalência;(EF05MA05) Comparar e ordenar números racionais positivos (representações fracionária e decimal), relacionando-os a pontos na reta numérica.
Matemática;5º;Números;Cálculo de porcentagens e representação fracionária;(EF05MA06) Associar as representações 10%, 25%, 50%, 75% e 100% respectivamente à décima parte, quarta parte, metade, três quartos e um inteiro, para calcular porcentagens, utilizando estratégias pessoais, cálculo mental e calculadora, em contextos de educação financeira, entre outros.
Matemática;5º;Números;Problemas: adição e subtração de números naturais e números racionais cuja representação decimal é finita;(EF05MA07) Resolver e elaborar problemas de adição e subtração com números naturais e com números racionais, cuja representação decimal seja finita, utilizando estratégias diversas, como cálculo por estimativa, cálculo mental e algoritmos.
Matemática;5º;Números;Problemas: multiplicação e divisão de números racionais cuja representação decimal é finita por números naturais;(EF05MA08) Resolver e elaborar problemas de multiplicação e divisão com números naturais e com números racionais cuja representação decimal é finita (com multiplicador natural e divisor natural e diferente de zero), utilizando estratégias diversas, como cálculo por estimativa, cálculo mental e algoritmos.
Matemática;5º;Números;Problemas de contagem do tipo: “Se cada objeto de uma coleção A for combinado com todos os elementos de uma coleção B, quantos agrupamentos desse tipo podem ser formados?”;(EF05MA09) Resolver e elaborar problemas simples de contagem envolvendo o princípio multiplicativo, como a determinação do número de agrupamentos possíveis ao se combinar cada elemento de uma coleção com todos os elementos de outra coleção, por meio de diagramas de árvore ou por tabelas.
Matemática;5º;Álgebra;Propriedades da igualdade e noção de equivalência;(EF05MA10) Concluir, por meio de investigações, que a relação de igualdade existente entre dois membros permanece ao adicionar, subtrair, multiplicar ou dividir cada um desses membros por um mesmo número, para construir a noção de equivalência.
Matemática;5º;Álgebra;Propriedades da igualdade e noção de equivalência;(EF05MA11) Resolver e elaborar problemas cuja conversão em sentença matemática seja uma igualdade com uma operação em que um dos termos é desconhecido.
Matemática;5º;Álgebra;"Grandezas diretamente proporcionais
Problemas envolvendo a partição de um todo em duas partes proporcionais";(EF05MA12) Resolver problemas que envolvam variação de proporcionalidade direta entre duas grandezas, para associar a quantidade de um produto ao valor a pagar, alterar as quantidades de ingredientes de receitas, ampliar ou reduzir escala em mapas, entre outros.
Matemática;5º;Álgebra;"Grandezas diretamente proporcionais
Problemas envolvendo a partição de um todo em duas partes proporcionais";(EF05MA13) Resolver problemas envolvendo a partilha de uma quantidade em duas partes desiguais, tais como dividir uma quantidade em duas partes, de modo que uma seja o dobro da outra, com compreensão da ideia de razão entre as partes e delas com o todo.
Matemática;5º;Geometria;Plano cartesiano: coordenadas cartesianas (1º quadrante) e representação de deslocamentos no plano cartesiano;(EF05MA14) Utilizar e compreender diferentes representações para a localização de objetos no plano, como mapas, células em planilhas eletrônicas e coordenadas geográficas, a fim de desenvolver as primeiras noções de coordenadas cartesianas.
Matemática;5º;Geometria;Plano cartesiano: coordenadas cartesianas (1º quadrante) e representação de deslocamentos no plano cartesiano;(EF05MA15) Interpretar, descrever e representar a localização ou movimentação de objetos no plano cartesiano (1º quadrante), utilizando coordenadas cartesianas, indicando mudanças de direção e de sentido e giros.
Matemática;5º;Geometria;Figuras geométricas espaciais: reconhecimento, representações, planificações e características;(EF05MA16) Associar figuras espaciais a suas planificações (prismas, pirâmides, cilindros e cones) e analisar, nomear e comparar seus atributos.
Matemática;5º;Geometria;Figuras geométricas planas: características, representações e ângulos;(EF05MA17) Reconhecer, nomear e comparar polígonos, considerando lados, vértices e ângulos, e desenhá-los, utilizando material de desenho ou tecnologias digitais.
Matemática;5º;Geometria;Ampliação e redução de figuras poligonais em malhas quadriculadas: reconhecimento da congruência dos ângulos e da proporcionalidade dos lados correspondentes;(EF05MA18) Reconhecer a congruência dos ângulos e a proporcionalidade entre os lados correspondentes de figuras poligonais em situações de ampliação e de redução em malhas quadriculadas e usando tecnologias digitais.
Matemática;5º;Grandezas e medidas;Medidas de comprimento, área, massa, tempo, temperatura e capacidade: utilização de unidades convencionais e relações entre as unidades de medida mais usuais;(EF05MA19) Resolver e elaborar problemas envolvendo medidas das grandezas comprimento, área, massa, tempo, temperatura e capacidade, recorrendo a transformações entre as unidades mais usuais em contextos socioculturais.
Matemática;5º;Grandezas e medidas;Áreas e perímetros de figuras poligonais: algumas relações;(EF05MA20) Concluir, por meio de investigações, que figuras de perímetros iguais podem ter áreas diferentes e que, também, figuras que têm a mesma área podem ter perímetros diferentes.
Matemática;5º;Grandezas e medidas;Noção de volume;(EF05MA21) Reconhecer volume como grandeza associada a sólidos geométricos e medir volumes por meio de empilhamento de cubos, utilizando, preferencialmente, objetos concretos.
Matemática;5º;Probabilidade e estatística;Espaço amostral: análise de chances de eventos aleatórios;(EF05MA22) Apresentar todos os possíveis resultados de um experimento aleatório, estimando se esses resultados são igualmente prováveis ou não.
Matemática;5º;Probabilidade e estatística;Cálculo de probabilidade de eventos equiprováveis;(EF05MA23) Determinar a probabilidade de ocorrência de um resultado em eventos aleatórios, quando todos os resultados possíveis têm a mesma chance de ocorrer (equiprováveis).
Matemática;5º;Probabilidade e estatística;Leitura, coleta, classificação interpretação e representação de dados em tabelas de dupla entrada, gráfico de colunas agrupadas, gráficos pictóricos e gráfico de linhas;(EF05MA24) Interpretar dados estatísticos apresentados em textos, tabelas e gráficos (colunas ou linhas), referentes a outras áreas do conhecimento ou a outros contextos, como saúde e trânsito, e produzir textos com o objetivo de sintetizar conclusões.
Matemática;5º;Probabilidade e estatística;Leitura, coleta, classificação interpretação e representação de dados em tabelas de dupla entrada, gráfico de colunas agrupadas, gráficos pictóricos e gráfico de linhas;(EF05MA25) Realizar pesquisa envolvendo variáveis categóricas e numéricas, organizar dados coletados por meio de tabelas, gráficos de colunas, pictóricos e de linhas, com e sem uso de tecnologias digitais, e apresentar texto escrito sobre a finalidade da pesquisa e a síntese dos resultados.
Matemática;6º;Números;Sistema de numeração decimal: características, leitura, escrita e comparação de números naturais e de números racionais representados na forma decimal;(EF06MA01) Comparar, ordenar, ler e escrever números naturais e números racionais cuja representação decimal é finita, fazendo uso da reta numérica.
Matemática;6º;Números;Sistema de numeração decimal: características, leitura, escrita e comparação de números naturais e de números racionais representados na forma decimal;(EF06MA02) Reconhecer o sistema de numeração decimal, como o que prevaleceu no mundo ocidental, e destacar semelhanças e diferenças com outros sistemas, de modo a sistematizar suas principais características (base, valor posicional e função do zero), utilizando, inclusive, a composição e decomposição de números naturais e números racionais em sua representação decimal.
Matemática;6º;Números;"Operações (adição, subtração, multiplicação, divisão e potenciação) com números naturais
Divisão euclidiana";(EF06MA03) Resolver e elaborar problemas que envolvam cálculos (mentais ou escritos, exatos ou aproximados) com números naturais, por meio de estratégias variadas, com compreensão dos processos neles envolvidos com e sem uso de calculadora.
Matemática;6º;Números;"Fluxograma para determinar a paridade de um número natural
Múltiplos e divisores de um número natural Números primos e compostos";(EF06MA04) Construir algoritmo em linguagem natural e representá-lo por fluxograma que indique a resolução de um problema simples (por exemplo, se um número natural qualquer é par).
Matemática;6º;Números;"Fluxograma para determinar a paridade de um número natural
Múltiplos e divisores de um número natural Números primos e compostos";(EF06MA05) Classificar números naturais em primos e compostos, estabelecer relações entre números, expressas pelos termos “é múltiplo de”, “é divisor de”, “é fator de”, e estabelecer, por meio de investigações, critérios de divisibilidade por 2, 3, 4, 5, 6, 8, 9, 10, 100 e 1000.
Matemática;6º;Números;"Fluxograma para determinar a paridade de um número natural
Múltiplos e divisores de um número natural Números primos e compostos";(EF06MA06) Resolver e elaborar problemas que envolvam as ideias de múltiplo e de divisor.
Matemática;6º;Números;"Frações: significados (parte/todo, quociente), equivalência, comparação, adição e subtração; cálculo da fração de um número natural; adição e subtração de frações";(EF06MA07) Compreender, comparar e ordenar frações associadas às ideias de partes de inteiros e resultado de divisão, identificando frações equivalentes.
Matemática;6º;Números;"Frações: significados (parte/todo, quociente), equivalência, comparação, adição e subtração; cálculo da fração de um número natural; adição e subtração de frações";(EF06MA08) Reconhecer que os números racionais positivos podem ser expressos nas formas fracionária e decimal, estabelecer relações entre essas representações, passando de uma representação para outra, e relacioná-los a pontos na reta numérica.
Matemática;6º;Números;"Frações: significados (parte/todo, quociente), equivalência, comparação, adição e subtração; cálculo da fração de um número natural; adição e subtração de frações";(EF06MA09) Resolver e elaborar problemas que envolvam o cálculo da fração de uma quantidade e cujo resultado seja um número natural, com e sem uso de calculadora.
Matemática;6º;Números;"Frações: significados (parte/todo, quociente), equivalência, comparação, adição e subtração; cálculo da fração de um número natural; adição e subtração de frações";(EF06MA10) Resolver e elaborar problemas que envolvam adição ou subtração com números racionais positivos na representação fracionária.
Matemática;6º;Números;Operações (adição, subtração, multiplicação, divisão e potenciação) com números racionais;(EF06MA11) Resolver e elaborar problemas com números racionais positivos na representação decimal, envolvendo as quatro operações fundamentais e a potenciação, por meio de estratégias diversas, utilizando estimativas e arredondamentos para verificar a razoabilidade de respostas, com e sem uso de calculadora.
Matemática;6º;Números;Aproximação de números para múltiplos de potências de 10;(EF06MA12) Fazer estimativas de quantidades e aproximar números para múltiplos da potência de 10 mais próxima.
Matemática;6º;Números;Cálculo de porcentagens por meio de estratégias diversas, sem fazer uso da “regra de três”;(EF06MA13) Resolver e elaborar problemas que envolvam porcentagens, com base na ideia de proporcionalidade, sem fazer uso da “regra de três”, utilizando estratégias pessoais, cálculo mental e calculadora, em contextos de educação financeira, entre outros.
Matemática;6º;Álgebra;Propriedades da igualdade;(EF06MA14) Reconhecer que a relação de igualdade matemática não se altera ao adicionar, subtrair, multiplicar ou dividir os seus dois membros por um mesmo número e utilizar essa noção para determinar valores desconhecidos na resolução de problemas.
Matemática;6º;Álgebra;Problemas que tratam da partição de um todo em duas partes desiguais, envolvendo razões entre as partes e entre uma das partes e o todo;(EF06MA15) Resolver e elaborar problemas que envolvam a partilha de uma quantidade em duas partes desiguais, envolvendo relações aditivas e multiplicativas, bem como a razão entre as partes e entre uma das partes e o todo.
Matemática;6º;Geometria;Plano cartesiano: associação dos vértices de um polígono a pares ordenados;(EF06MA16) Associar pares ordenados de números a pontos do plano cartesiano do 1º quadrante, em situações como a localização dos vértices de um polígono.
Matemática;6º;Geometria;Prismas e pirâmides: planificações e relações entre seus elementos (vértices, faces e arestas);(EF06MA17) Quantificar e estabelecer relações entre o número de vértices, faces e arestas de prismas e pirâmides, em função do seu polígono da base, para resolver problemas e desenvolver a percepção espacial.
Matemática;6º;Geometria;Polígonos: classificações quanto ao número de vértices, às medidas de lados e ângulos e ao paralelismo e perpendicularismo dos lados;(EF06MA18) Reconhecer, nomear e comparar polígonos, considerando lados, vértices e ângulos, e classificá-los em regulares e não regulares, tanto em suas representações no plano como em faces de poliedros.
Matemática;6º;Geometria;Polígonos: classificações quanto ao número de vértices, às medidas de lados e ângulos e ao paralelismo e perpendicularismo dos lados;(EF06MA19) Identificar características dos triângulos e classificá-los em relação às medidas dos lados e dos ângulos.
Matemática;6º;Geometria;Polígonos: classificações quanto ao número de vértices, às medidas de lados e ângulos e ao paralelismo e perpendicularismo dos lados;(EF06MA20) Identificar características dos quadriláteros, classificá-los em relação a lados e a ângulos e reconhecer a inclusão e a intersecção de classes entre eles.
Matemática;6º;Geometria;Construção de figuras semelhantes: ampliação e redução de figuras planas em malhas quadriculadas;(EF06MA21) Construir figuras planas semelhantes em situações de ampliação e de redução, com o uso de malhas quadriculadas, plano cartesiano ou tecnologias digitais.
Matemática;6º;Geometria;Construção de retas paralelas e perpendiculares, fazendo uso de réguas, esquadros e softwares;(EF06MA22) Utilizar instrumentos, como réguas e esquadros, ou softwares para representações de retas paralelas e perpendiculares e construção de quadriláteros, entre outros.
Matemática;6º;Geometria;Construção de retas paralelas e perpendiculares, fazendo uso de réguas, esquadros e softwares;(EF06MA23) Construir algoritmo para resolver situações passo a passo (como na construção de dobraduras ou na indicação de deslocamento de um objeto no plano segundo pontos de referência e distâncias fornecidas etc.).
Matemática;6º;Grandezas e medidas;Problemas sobre medidas envolvendo grandezas como comprimento, massa, tempo, temperatura, área, capacidade e volume;(EF06MA24) Resolver e elaborar problemas que envolvam as grandezas comprimento, massa, tempo, temperatura, área (triângulos e retângulos), capacidade e volume (sólidos formados por blocos retangulares), sem uso de fórmulas, inseridos, sempre que possível, em contextos oriundos de situações reais e/ou relacionadas às outras áreas do conhecimento.
Matemática;6º;Grandezas e medidas;Ângulos: noção, usos e medida;(EF06MA25) Reconhecer a abertura do ângulo como grandeza associada às figuras geométricas.
Matemática;6º;Grandezas e medidas;Ângulos: noção, usos e medida;(EF06MA26) Resolver problemas que envolvam a noção de ângulo em diferentes contextos e em situações reais, como ângulo de visão.
Matemática;6º;Grandezas e medidas;Ângulos: noção, usos e medida;(EF06MA27) Determinar medidas da abertura de ângulos, por meio de transferidor e/ou tecnologias digitais.
Matemática;6º;Grandezas e medidas;Plantas baixas e vistas aéreas;(EF06MA28) Interpretar, descrever e desenhar plantas baixas simples de residências e vistas aéreas.
Matemática;6º;Grandezas e medidas;Perímetro de um quadrado como grandeza proporcional à medida do lado;(EF06MA29) Analisar e descrever mudanças que ocorrem no perímetro e na área de um quadrado ao se ampliarem ou reduzirem, igualmente, as medidas de seus lados, para compreender que o perímetro é proporcional à medida do lado, o que não ocorre com a área.
Matemática;6º;Probabilidade e estatística;"Cálculo de probabilidade como a razão entre o número de resultados favoráveis e o total de resultados possíveis em um espaço amostral equiprovável
Cálculo de probabilidade por meio de muitas repetições de um experimento (frequências de ocorrências e probabilidade frequentista)";(EF06MA30) Calcular a probabilidade de um evento aleatório, expressando-a por número racional (forma fracionária, decimal e percentual) e comparar esse número com a probabilidade obtida por meio de experimentos sucessivos.
Matemática;6º;Probabilidade e estatística;Leitura e interpretação de tabelas e gráficos (de colunas ou barras simples ou múltiplas) referentes a variáveis categóricas e variáveis numéricas;(EF06MA31) Identificar as variáveis e suas frequências e os elementos constitutivos (título, eixos, legendas, fontes e datas) em diferentes tipos de gráfico.
Matemática;6º;Probabilidade e estatística;Leitura e interpretação de tabelas e gráficos (de colunas ou barras simples ou múltiplas) referentes a variáveis categóricas e variáveis numéricas;(EF06MA32) Interpretar e resolver situações que envolvam dados de pesquisas sobre contextos ambientais, sustentabilidade, trânsito, consumo responsável, entre outros, apresentadas pela mídia em tabelas e em diferentes tipos de gráficos e redigir textos escritos com o objetivo de sintetizar conclusões.
Matemática;6º;Probabilidade e estatística;"Coleta de dados, organização e registro
Construção de diferentes tipos de gráficos para representá-los e interpretação das informações";(EF06MA33) Planejar e coletar dados de pesquisa referente a práticas sociais escolhidas pelos alunos e fazer uso de planilhas eletrônicas para registro, representação e interpretação das informações, em tabelas, vários tipos de gráficos e texto.
Matemática;6º;Probabilidade e estatística;Diferentes tipos de representação de informações: gráficos e fluxogramas;(EF06MA34) Interpretar e desenvolver fluxogramas simples, identificando as relações entre os objetos representados (por exemplo, posição de cidades considerando as estradas que as unem, hierarquia dos funcionários de uma empresa etc.).
Matemática;7º;Números;Múltiplos e divisores de um número natural;(EF07MA01) Resolver e elaborar problemas com números naturais, envolvendo as noções de divisor e de múltiplo, podendo incluir máximo divisor comum ou mínimo múltiplo comum, por meio de estratégias diversas, sem a aplicação de algoritmos.
Matemática;7º;Números;Cálculo de porcentagens e de acréscimos e decréscimos simples;(EF07MA02) Resolver e elaborar problemas que envolvam porcentagens, como os que lidam com acréscimos e decréscimos simples, utilizando estratégias pessoais, cálculo mental e calculadora, no contexto de educação financeira, entre outros.
Matemática;7º;Números;Números inteiros: usos, história, ordenação, associação com pontos da reta numérica e operações;(EF07MA03) Comparar e ordenar números inteiros em diferentes contextos, incluindo o histórico, associá-los a pontos da reta numérica e utilizá-los em situações que envolvam adição e subtração.
Matemática;7º;Números;Números inteiros: usos, história, ordenação, associação com pontos da reta numérica e operações;(EF07MA04) Resolver e elaborar problemas que envolvam operações com números inteiros.
Matemática;7º;Números;Fração e seus significados: como parte de inteiros, resultado da divisão, razão e operador;(EF07MA05) Resolver um mesmo problema utilizando diferentes algoritmos.
Matemática;7º;Números;Fração e seus significados: como parte de inteiros, resultado da divisão, razão e operador;(EF07MA06) Reconhecer que as resoluções de um grupo de problemas que têm a mesma estrutura podem ser obtidas utilizando os mesmos procedimentos.
Matemática;7º;Números;Fração e seus significados: como parte de inteiros, resultado da divisão, razão e operador;(EF07MA07) Representar por meio de um fluxograma os passos utilizados para resolver um grupo de problemas.
Matemática;7º;Números;Fração e seus significados: como parte de inteiros, resultado da divisão, razão e operador;(EF07MA08) Comparar e ordenar frações associadas às ideias de partes de inteiros, resultado da divisão, razão e operador.
Matemática;7º;Números;Fração e seus significados: como parte de inteiros, resultado da divisão, razão e operador;(EF07MA09) Utilizar, na resolução de problemas, a associação entre razão e fração, como a fração 2/3 para expressar a razão de duas partes de uma grandeza para três partes da mesma ou três partes de outra grandeza.
Matemática;7º;Números;Números racionais na representação fracionária e na decimal: usos, ordenação e associação com pontos da reta numérica e operações;(EF07MA10) Comparar e ordenar números racionais em diferentes contextos e associá-los a pontos da reta numérica.
Matemática;7º;Números;Números racionais na representação fracionária e na decimal: usos, ordenação e associação com pontos da reta numérica e operações;(EF07MA11) Compreender e utilizar a multiplicação e a divisão de números racionais, a relação entre elas e suas propriedades operatórias.
Matemática;7º;Números;Números racionais na representação fracionária e na decimal: usos, ordenação e associação com pontos da reta numérica e operações;(EF07MA12) Resolver e elaborar problemas que envolvam as operações com números racionais.
Matemática;7º;Álgebra;Linguagem algébrica: variável e incógnita;(EF07MA13) Compreender a ideia de variável, representada por letra ou símbolo, para expressar relação entre duas grandezas, diferenciando-a da ideia de incógnita.
Matemática;7º;Álgebra;Linguagem algébrica: variável e incógnita;(EF07MA14) Classificar sequências em recursivas e não recursivas, reconhecendo que o conceito de recursão está presente não apenas na matemática, mas também nas artes e na literatura.
Matemática;7º;Álgebra;Linguagem algébrica: variável e incógnita;(EF07MA15) Utilizar a simbologia algébrica para expressar regularidades encontradas em sequências numéricas.
Matemática;7º;Álgebra;Equivalência de expressões algébricas: identificação da regularidade de uma sequência numérica;(EF07MA16) Reconhecer se duas expressões algébricas obtidas para descrever a regularidade de uma mesma sequência numérica são ou não equivalentes.
Matemática;7º;Álgebra;Problemas envolvendo grandezas diretamente proporcionais e grandezas inversamente proporcionais;(EF07MA17) Resolver e elaborar problemas que envolvam variação de proporcionalidade direta e de proporcionalidade inversa entre duas grandezas, utilizando sentença algébrica para expressar a relação entre elas.
Matemática;7º;Álgebra;Equações polinomiais do 1º grau;(EF07MA18) Resolver e elaborar problemas que possam ser representados por equações polinomiais de 1º grau, redutíveis à forma ax + b = c, fazendo uso das propriedades da igualdade.
Matemática;7º;Geometria;Transformações geométricas de polígonos no plano cartesiano: multiplicação das coordenadas por um número inteiro e obtenção de simétricos em relação aos eixos e à origem;(EF07MA19) Realizar transformações de polígonos representados no plano cartesiano, decorrentes da multiplicação das coordenadas de seus vértices por um número inteiro.
Matemática;7º;Geometria;Transformações geométricas de polígonos no plano cartesiano: multiplicação das coordenadas por um número inteiro e obtenção de simétricos em relação aos eixos e à origem;(EF07MA20) Reconhecer e representar, no plano cartesiano, o simétrico de figuras em relação aos eixos e à origem.
Matemática;7º;Geometria;Simetrias de translação, rotação e reflexão;(EF07MA21) Reconhecer e construir figuras obtidas por simetrias de translação, rotação e reflexão, usando instrumentos de desenho ou softwares de geometria dinâmica e vincular esse estudo a representações planas de obras de arte, elementos arquitetônicos, entre outros.
Matemática;7º;Geometria;A circunferência como lugar geométrico;(EF07MA22) Construir circunferências, utilizando compasso, reconhecê-las como lugar geométrico e utilizá-las para fazer composições artísticas e resolver problemas que envolvam objetos equidistantes.
Matemática;7º;Geometria;Relações entre os ângulos formados por retas paralelas intersectadas por uma transversal;(EF07MA23) Verificar relações entre os ângulos formados por retas paralelas cortadas por uma transversal, com e sem uso de softwares de geometria dinâmica.
Matemática;7º;Geometria;Triângulos: construção, condição de existência e soma das medidas dos ângulos internos;(EF07MA24) Construir triângulos, usando régua e compasso, reconhecer a condição de existência do triângulo quanto à medida dos lados e verificar que a soma das medidas dos ângulos internos de um triângulo é 180°.
Matemática;7º;Geometria;Triângulos: construção, condição de existência e soma das medidas dos ângulos internos;(EF07MA25) Reconhecer a rigidez geométrica dos triângulos e suas aplicações, como na construção de estruturas arquitetônicas (telhados, estruturas metálicas e outras) ou nas artes plásticas.
Matemática;7º;Geometria;Triângulos: construção, condição de existência e soma das medidas dos ângulos internos;(EF07MA26) Descrever, por escrito e por meio de um fluxograma, um algoritmo para a construção de um triângulo qualquer, conhecidas as medidas dos três lados.
Matemática;7º;Geometria;Polígonos regulares: quadrado e triângulo equilátero;(EF07MA27) Calcular medidas de ângulos internos de polígonos regulares, sem o uso de fórmulas, e estabelecer relações entre ângulos internos e externos de polígonos, preferencialmente vinculadas à construção de mosaicos e de ladrilhamentos.
Matemática;7º;Geometria;Polígonos regulares: quadrado e triângulo equilátero;(EF07MA28) Descrever, por escrito e por meio de um fluxograma, um algoritmo para a construção de um polígono regular (como quadrado e triângulo equilátero), conhecida a medida de seu lado.
Matemática;7º;Grandezas e medidas;Problemas envolvendo medições;(EF07MA29) Resolver e elaborar problemas que envolvam medidas de grandezas inseridos em contextos oriundos de situações cotidianas ou de outras áreas do conhecimento, reconhecendo que toda medida empírica é aproximada.
Matemática;7º;Grandezas e medidas;Cálculo de volume de blocos retangulares, utilizando unidades de medida convencionais mais usuais;(EF07MA30) Resolver e elaborar problemas de cálculo de medida do volume de blocos retangulares, envolvendo as unidades usuais (metro cúbico, decímetro cúbico e centímetro cúbico).
Matemática;7º;Grandezas e medidas;Equivalência de área de figuras planas: cálculo de áreas de figuras que podem ser decompostas por outras, cujas áreas podem ser facilmente determinadas como triângulos e quadriláteros;(EF07MA31) Estabelecer expressões de cálculo de área de triângulos e de quadriláteros.
Matemática;7º;Grandezas e medidas;Equivalência de área de figuras planas: cálculo de áreas de figuras que podem ser decompostas por outras, cujas áreas podem ser facilmente determinadas como triângulos e quadriláteros;(EF07MA32) Resolver e elaborar problemas de cálculo de medida de área de figuras planas que podem ser decompostas por quadrados, retângulos e/ou triângulos, utilizando a equivalência entre áreas.
Matemática;7º;Grandezas e medidas;Medida do comprimento da circunferência;(EF07MA33) Estabelecer o número π como a razão entre a medida de uma circunferência e seu diâmetro, para compreender e resolver problemas, inclusive os de natureza histórica.
Matemática;7º;Probabilidade e estatística;Experimentos aleatórios: espaço amostral e estimativa de probabilidade por meio de frequência de ocorrências;(EF07MA34) Planejar e realizar experimentos aleatórios ou simulações que envolvem cálculo de probabilidades ou estimativas por meio de frequência de ocorrências.
Matemática;7º;Probabilidade e estatística;Estatística: média e amplitude de um conjunto de dados;(EF07MA35) Compreender, em contextos significativos, o significado de média estatística como indicador da tendência de uma pesquisa, calcular seu valor e relacioná-lo, intuitivamente, com a amplitude do conjunto de dados.
Matemática;7º;Probabilidade e estatística;"Pesquisa amostral e pesquisa censitária
Planejamento de pesquisa, coleta e organização dos dados, construção de tabelas e gráficos e interpretação das informações";(EF07MA36) Planejar e realizar pesquisa envolvendo tema da realidade social, identificando a necessidade de ser censitária ou de usar amostra, e interpretar os dados para comunicá-los por meio de relatório escrito, tabelas e gráficos, com o apoio de planilhas eletrônicas.
Matemática;7º;Probabilidade e estatística;Gráficos de setores: interpretação, pertinência e construção para representar conjunto de dados;(EF07MA37) Interpretar e analisar dados apresentados em gráfico de setores divulgados pela mídia e compreender quando é possível ou conveniente sua utilização.
Matemática;8º;Números;Notação científica;(EF08MA01) Efetuar cálculos com potências de expoentes inteiros e aplicar esse conhecimento na representação de números em notação científica.
Matemática;8º;Números;Potenciação e radiciação;(EF08MA02) Resolver e elaborar problemas usando a relação entre potenciação e radiciação, para representar uma raiz como potência de expoente fracionário.
Matemática;8º;Números;O princípio multiplicativo da contagem;(EF08MA03) Resolver e elaborar problemas de contagem cuja resolução envolva a aplicação do princípio multiplicativo.
Matemática;8º;Números;Porcentagens;(EF08MA04) Resolver e elaborar problemas, envolvendo cálculo de porcentagens, incluindo o uso de tecnologias digitais.
Matemática;8º;Números;Dízimas periódicas: fração geratriz;(EF08MA05) Reconhecer e utilizar procedimentos para a obtenção de uma fração geratriz para uma dízima periódica.
Matemática;8º;Álgebra;Valor numérico de expressões algébricas;(EF08MA06) Resolver e elaborar problemas que envolvam cálculo do valor numérico de expressões algébricas, utilizando as propriedades das operações.
Matemática;8º;Álgebra;Associação de uma equação linear de 1º grau a uma reta no plano cartesiano;(EF08MA07) Associar uma equação linear de 1º grau com duas incógnitas a uma reta no plano cartesiano.
Matemática;8º;Álgebra;Sistema de equações polinomiais de 1º grau: resolução algébrica e representação no plano cartesiano;(EF08MA08) Resolver e elaborar problemas relacionados ao seu contexto próximo, que possam ser representados por sistemas de equações de 1º grau com duas incógnitas e interpretá-los, utilizando, inclusive, o plano cartesiano como recurso.
Matemática;8º;Álgebra;Equação polinomial de 2º grau do tipo ax2 = b;(EF08MA09) Resolver e elaborar, com e sem uso de tecnologias, problemas que possam ser representados por equações polinomiais de 2º grau do tipo ax2 = b.
Matemática;8º;Álgebra;Sequências recursivas e não recursivas;(EF08MA10) Identificar a regularidade de uma sequência numérica ou figural não recursiva e construir um algoritmo por meio de um fluxograma que permita indicar os números ou as figuras seguintes.
Matemática;8º;Álgebra;Sequências recursivas e não recursivas;(EF08MA11) Identificar a regularidade de uma sequência numérica recursiva e construir um algoritmo por meio de um fluxograma que permita indicar os números seguintes.
Matemática;8º;Álgebra;Variação de grandezas: diretamente proporcionais, inversamente proporcionais ou não proporcionais;(EF08MA12) Identificar a natureza da variação de duas grandezas, diretamente, inversamente proporcionais ou não proporcionais, expressando a relação existente por meio de sentença algébrica e representá-la no plano cartesiano.
Matemática;8º;Álgebra;Variação de grandezas: diretamente proporcionais, inversamente proporcionais ou não proporcionais;(EF08MA13) Resolver e elaborar problemas que envolvam grandezas diretamente ou inversamente proporcionais, por meio de estratégias variadas.
Matemática;8º;Geometria;Congruência de triângulos e demonstrações de propriedades de quadriláteros;(EF08MA14) Demonstrar propriedades de quadriláteros por meio da identificação da congruência de triângulos.
Matemática;8º;Geometria;Construções geométricas: ângulos de 90°, 60°, 45° e 30° e polígonos regulares;(EF08MA15) Construir, utilizando instrumentos de desenho ou softwares de geometria dinâmica, mediatriz, bissetriz, ângulos de 90°, 60°, 45° e 30° e polígonos regulares.
Matemática;8º;Geometria;Construções geométricas: ângulos de 90°, 60°, 45° e 30° e polígonos regulares;(EF08MA16) Descrever, por escrito e por meio de um fluxograma, um algoritmo para a construção de um hexágono regular de qualquer área, a partir da medida do ângulo central e da utilização de esquadros e compasso.
Matemática;8º;Geometria;Mediatriz e bissetriz como lugares geométricos: construção e problemas;(EF08MA17) Aplicar os conceitos de mediatriz e bissetriz como lugares geométricos na resolução de problemas.
Matemática;8º;Geometria;Transformações geométricas: simetrias de translação, reflexão e rotação;(EF08MA18) Reconhecer e construir figuras obtidas por composições de transformações geométricas (translação, reflexão e rotação), com o uso de instrumentos de desenho ou de softwares de geometria dinâmica.
Matemática;8º;Grandezas e medidas;"Área de figuras planas
Área do círculo e comprimento de sua circunferência";(EF08MA19) Resolver e elaborar problemas que envolvam medidas de área de figuras geométricas, utilizando expressões de cálculo de área (quadriláteros, triângulos e círculos), em situações como determinar medida de terrenos.
Matemática;8º;Grandezas e medidas;"Volume de bloco retangular
Medidas de capacidade";(EF08MA20) Reconhecer a relação entre um litro e um decímetro cúbico e a relação entre litro e metro cúbico, para resolver problemas de cálculo de capacidade de recipientes.
Matemática;8º;Grandezas e medidas;"Volume de bloco retangular
Medidas de capacidade";(EF08MA21) Resolver e elaborar problemas que envolvam o cálculo do volume de recipiente cujo formato é o de um bloco retangular.
Matemática;8º;Probabilidade e estatística;"Princípio multiplicativo da contagem
Soma das probabilidades de todos os elementos de um espaço amostral";(EF08MA22) Calcular a probabilidade de eventos, com base na construção do espaço amostral, utilizando o princípio multiplicativo, e reconhecer que a soma das probabilidades de todos os elementos do espaço amostral é igual a 1.
Matemática;8º;Probabilidade e estatística;Gráficos de barras, colunas, linhas ou setores e seus elementos constitutivos e adequação para determinado conjunto de dados;(EF08MA23) Avaliar a adequação de diferentes tipos de gráficos para representar um conjunto de dados de uma pesquisa.
Matemática;8º;Probabilidade e estatística;Organização dos dados de uma variável contínua em classes;(EF08MA24) Classificar as frequências de uma variável contínua de uma pesquisa em classes, de modo que resumam os dados de maneira adequada para a tomada de decisões.
Matemática;8º;Probabilidade e estatística;Medidas de tendência central e de dispersão;(EF08MA25) Obter os valores de medidas de tendência central de uma pesquisa estatística (média, moda e mediana) com a compreensão de seus significados e relacioná-los com a dispersão de dados, indicada pela amplitude.
Matemática;8º;Probabilidade e estatística;"Pesquisas censitária ou amostral
Planejamento e execução de pesquisa amostral";(EF08MA26) Selecionar razões, de diferentes naturezas (física, ética ou econômica), que justificam a realização de pesquisas amostrais e não censitárias, e reconhecer que a seleção da amostra pode ser feita de diferentes maneiras (amostra casual simples, sistemática e estratificada).
Matemática;8º;Probabilidade e estatística;"Pesquisas censitária ou amostral
Planejamento e execução de pesquisa amostral";(EF08MA27) Planejar e executar pesquisa amostral, selecionando uma técnica de amostragem adequada, e escrever relatório que contenha os gráficos apropriados para representar os conjuntos de dados, destacando aspectos como as medidas de tendência central, a amplitude e as conclusões.
Matemática;9º;Números;"Necessidade dos números reais para medir qualquer segmento de reta
Números irracionais: reconhecimento e localização de alguns na reta numérica";(EF09MA01) Reconhecer que, uma vez fixada uma unidade de comprimento, existem segmentos de reta cujo comprimento não é expresso por número racional (como as medidas de diagonais de um polígono e alturas de um triângulo, quando se toma a medida de cada lado como unidade).
Matemática;9º;Números;"Necessidade dos números reais para medir qualquer segmento de reta
Números irracionais: reconhecimento e localização de alguns na reta numérica";(EF09MA02) Reconhecer um número irracional como um número real cuja representação decimal é infinita e não periódica, e estimar a localização de alguns deles na reta numérica.
Matemática;9º;Números;Potências com expoentes negativos e fracionários;(EF09MA03) Efetuar cálculos com números reais, inclusive potências com expoentes fracionários.
Matemática;9º;Números;Números reais: notação científica e problemas;(EF09MA04) Resolver e elaborar problemas com números reais, inclusive em notação científica, envolvendo diferentes operações.
Matemática;9º;Números;Porcentagens: problemas que envolvem cálculo de percentuais sucessivos;(EF09MA05) Resolver e elaborar problemas que envolvam porcentagens, com a ideia de aplicação de percentuais sucessivos e a determinação das taxas percentuais, preferencialmente com o uso de tecnologias digitais, no contexto da educação financeira.
Matemática;9º;Álgebra;Funções: representações numérica, algébrica e gráfica;(EF09MA06) Compreender as funções como relações de dependência unívoca entre duas variáveis e suas representações numérica, algébrica e gráfica e utilizar esse conceito para analisar situações que envolvam relações funcionais entre duas variáveis.
Matemática;9º;Álgebra;Razão entre grandezas de espécies diferentes;(EF09MA07) Resolver problemas que envolvam a razão entre duas grandezas de espécies diferentes, como velocidade e densidade demográfica.
Matemática;9º;Álgebra;Grandezas diretamente proporcionais e grandezas inversamente proporcionais;(EF09MA08) Resolver e elaborar problemas que envolvam relações de proporcionalidade direta e inversa entre duas ou mais grandezas, inclusive escalas, divisão em partes proporcionais e taxa de variação, em contextos socioculturais, ambientais e de outras áreas.
Matemática;9º;Álgebra;"Expressões algébricas: fatoração e produtos notáveis
Resolução de equações polinomiais do 2º grau por meio de fatorações";(EF09MA09) Compreender os processos de fatoração de expressões algébricas, com base em suas relações com os produtos notáveis, para resolver e elaborar problemas que possam ser representados por equações polinomiais do 2º grau.
Matemática;9º;Geometria;Demonstrações de relações entre os ângulos formados por retas paralelas intersectadas por uma transversal;(EF09MA10) Demonstrar relações simples entre os ângulos formados por retas paralelas cortadas por uma transversal.
Matemática;9º;Geometria;Relações entre arcos e ângulos na circunferência de um círculo;(EF09MA11) Resolver problemas por meio do estabelecimento de relações entre arcos, ângulos centrais e ângulos inscritos na circunferência, fazendo uso, inclusive, de softwares de geometria dinâmica.
Matemática;9º;Geometria;Semelhança de triângulos;(EF09MA12) Reconhecer as condições necessárias e suficientes para que dois triângulos sejam semelhantes.
Matemática;9º;Geometria;"Relações métricas no triângulo retângulo
Teorema de Pitágoras: verificações experimentais e demonstração
Retas paralelas cortadas por transversais: teoremas de proporcionalidade e verificações experimentais";(EF09MA13) Demonstrar relações métricas do triângulo retângulo, entre elas o teorema de Pitágoras, utilizando, inclusive, a semelhança de triângulos.
Matemática;9º;Geometria;"Relações métricas no triângulo retângulo
Teorema de Pitágoras: verificações experimentais e demonstração
Retas paralelas cortadas por transversais: teoremas de proporcionalidade e verificações experimentais";(EF09MA14) Resolver e elaborar problemas de aplicação do teorema de Pitágoras ou das relações de proporcionalidade envolvendo retas paralelas cortadas por secantes.
Matemática;9º;Geometria;Polígonos regulares;(EF09MA15) Descrever, por escrito e por meio de um fluxograma, um algoritmo para a construção de um polígono regular cuja medida do lado é conhecida, utilizando régua e compasso, como também softwares.
Matemática;9º;Geometria;Distância entre pontos no plano cartesiano;(EF09MA16) Determinar o ponto médio de um segmento de reta e a distância entre dois pontos quaisquer, dadas as coordenadas desses pontos no plano cartesiano, sem o uso de fórmulas, e utilizar esse conhecimento para calcular, por exemplo, medidas de perímetros e áreas de figuras planas construídas no plano.
Matemática;9º;Geometria;Vistas ortogonais de figuras espaciais;(EF09MA17) Reconhecer vistas ortogonais de figuras espaciais e aplicar esse conhecimento para desenhar objetos em perspectiva.
Matemática;9º;Grandezas e medidas;"Unidades de medida para medir distâncias muito grandes e muito pequenas
Unidades de medida utilizadas na informática";(EF09MA18) Reconhecer e empregar unidades usadas para expressar medidas muito grandes ou muito pequenas, tais como distância entre planetas e sistemas solares, tamanho de vírus ou de células, capacidade de armazenamento de computadores, entre outros.
Matemática;9º;Grandezas e medidas;Volume de prismas e cilindros;(EF09MA19) Resolver e elaborar problemas que envolvam medidas de volumes de prismas e de cilindros retos, inclusive com uso de expressões de cálculo, em situações cotidianas.
Matemática;9º;Probabilidade e estatística;Análise de probabilidade de eventos aleatórios: eventos dependentes e independentes;(EF09MA20) Reconhecer, em experimentos aleatórios, eventos independentes e dependentes e calcular a probabilidade de sua ocorrência, nos dois casos.
Matemática;9º;Probabilidade e estatística;Análise de gráficos divulgados pela mídia: elementos que podem induzir a erros de leitura ou de interpretação;(EF09MA21) Analisar e identificar, em gráficos divulgados pela mídia, os elementos que podem induzir, às vezes propositadamente, erros de leitura, como escalas inapropriadas, legendas não explicitadas corretamente, omissão de informações importantes (fontes e datas), entre outros.
Matemática;9º;Probabilidade e estatística;Leitura, interpretação e representação de dados de pesquisa expressos em tabelas de dupla entrada, gráficos de colunas simples e agrupadas, gráficos de barras e de setores e gráficos pictóricos;(EF09MA22) Escolher e construir o gráfico mais adequado (colunas, setores, linhas), com ou sem uso de planilhas eletrônicas, para apresentar um determinado conjunto de dados, destacando aspectos como as medidas de tendência central.
Matemática;9º;Probabilidade e estatística;Planejamento e execução de pesquisa amostral e apresentação de relatório;(EF09MA23) Planejar e executar pesquisa amostral envolvendo tema da realidade social e comunicar os resultados por meio de relatório contendo avaliação de medidas de tendência central e da amplitude, tabelas e gráficos adequados, construídos com o apoio de planilhas eletrônicas.
